Workbook

Sheet DASHBOARD
B2: PANEL DE ANÁLISIS — EMPLEO JUVENIL EN ARGENTINA (EPH · INDEC)
B3: Segmento 18 a 29 años · EPH 2025 · trimestre 1 · elaborado por Jeisson Marín Uribe para Fundación Impacto Laboral · actualizado 18/09/2026
B5: Jóvenes 18-29 relevados | F5: Tasa de desocupación juvenil | J5: Informalidad (sin aportes)
B6: =COUNTA('Jóvenes_18_29'!$A$2:$A$5934) | F6: =COUNTIF('Jóvenes_18_29'!$M$2:$M$5934,2)/(COUNTIF('Jóvenes_18_29'!$M$2:$M$5934,1)+COUNTIF('Jóvenes_18_29'!$M$2:$M$5934,2)) | J6: =AVERAGE('Jóvenes_18_29'!$AA$2:$AA$5934)
B8: IPL promedio (0 a 3) | F8: Ingreso promedio ocupados | J8: Correlación ISE ↔ IPL
B9: =AVERAGE('Jóvenes_18_29'!$AD$2:$AD$5934) | F9: =AVERAGE('Jóvenes_18_29'!$AH$2:$AH$5934) | J9: =Correlacion!F7
B11: Gráfico 1 — Matriz de calor de correlación | H11: Gráfico 2 — Brecha de género en precariedad, por región
B33: Gráfico 3 — Ingreso y precariedad según nivel educativo | H33: Cómo leer este panel
H34: · 58.1% de los jóvenes ocupados trabaja sin aportes jubilatorios.
H35: · El IPL promedio es 1.72 sobre 3 y 32.9% acumula las tres carencias.
H36: · Las mujeres registran un IPL de 1.78 frente a 1.67 de los varones (brecha +0.11).
H37: · La brecha de género más alta se observa en Patagonia (+0.42).
H38: · Correlación ISE ↔ IPL = -0.365: la educación es el principal amortiguador de la precariedad.
H39: · Todas las celdas son fórmulas vivas: al reemplazar el archivo de microdatos, el panel se recalcula solo.
H40: · Para agregar segmentadores interactivos: Insertar → Tabla dinámica sobre la hoja de trabajo y luego Analizar → Insertar segmentación de datos (REGION_TEXTO y TRAMO_EDAD).

Sheet Tablas_Equivalencia
A1: Tablas de equivalencia — Diseño de Registro EPH (INDEC)
A2: REGION | B2: Etiqueta | D2: NIVEL_ED | E2: Etiqueta | G2: ESTADO | H2: Etiqueta
A3: 1 | B3: Gran Buenos Aires | D3: 1 | E3: Primaria incompleta | G3: 1 | H3: Ocupado
A4: 40 | B4: Noroeste (NOA) | D4: 2 | E4: Primaria completa | G4: 2 | H4: Desocupado
A5: 41 | B5: Noreste (NEA) | D5: 3 | E5: Secundaria incompleta | G5: 3 | H5: Inactivo
A6: 42 | B6: Cuyo | D6: 4 | E6: Secundaria completa | G6: 4 | H6: Menor de 10 años
A7: 43 | B7: Pampeana | D7: 5 | E7: Superior incompleto
A8: 44 | B8: Patagonia | D8: 6 | E8: Superior completo
D9: 7 | E9: Sin instrucción
A12: Recordatorio metodológico: PP07H = 2 indica que NO le descuentan aportes jubilatorios (empleo informal); PP07C ≥ 2 indica inestabilidad contractual; PP3E_TOT = 999 es Ns./Nr.; P21 = -9 es no respuesta de ingresos.

Sheet Jóvenes_18_29
A1: CODUSU | B1: ANO4 | C1: TRIMESTRE | D1: REGION | E1: MAS_500 | F1: AGLOMERADO | G1: PONDERA | H1: CH03 | I1: CH04 | J1: CH06 | K1: CH10 | L1: NIVEL_ED | M1: ESTADO | N1: CAT_OCUP | O1: PP07C | P1: PP07H | Q1: PP3E_TOT | R1: P21 | S1: TOT_P12 | T1: P47T | U1: IPCF | V1: REGION_TEXTO | W1: NIVEL_ED_TEXTO | X1: SEXO_TEXTO | Y1: ESTADO_TEXTO | Z1: TRAMO_EDAD | AA1: IPL_Jubilacion | AB1: IPL_Inestabilidad | AC1: IPL_Jornada | AD1: IPL | AE1: ISE_NivelJoven | AF1: ISE_Hogar | AG1: ISE | AH1: P21_LIMPIO | AI1: HORAS_LIMPIO
A2: TQRMNOP100001 | B2: 2025 | C2: 1 | D2: 42 | E2: N | F2: 27 | G2: 1195 | H2: 1 | I2: 2 | J2: 18 | K2: 1 | L2: 5 | M2: 1 | N2: 3 | O2: 1 | P2: 1 | Q2: 44 | R2: -9 | S2: 0 | T2: 0 | U2: 46800 | V2: =IFERROR(VLOOKUP(D2,Tablas_Equivalencia!$A$3:$B$8,2,FALSE),"Sin dato") | W2: =IFERROR(VLOOKUP(L2,Tablas_Equivalencia!$D$3:$E$9,2,FALSE),"Sin dato") | X2: =IF(I2=1,"Varón","Mujer") | Y2: =IFERROR(VLOOKUP(M2,Tablas_Equivalencia!$G$3:$H$6,2,FALSE),"Sin dato") | Z2: =IF(J2<=24,"18-24","25-29") | AA2: =IF(M2<>1,"",IF(P2=2,1,0)) | AB2: =IF(M2<>1,"",IF(O2>=2,1,0)) | AC2: =IF(M2<>1,"",IF(OR(Q2=999,Q2=""),"",IF(OR(Q2<35,Q2>48),1,0))) | AD2: =IF(COUNT(AA2:AC2)<3,"",SUM(AA2:AC2)) | AE2: =IF(L2>=4,2,IF(L2>=2,1,0)) | AF2: =IF(L2>=5,1,0) | AG2: =AE2+AF2 | AH2: =IF(M2<>1,"",IF(OR(R2=-9,R2=""),"",R2)) | AI2: =IF(M2<>1,"",IF(OR(Q2=999,Q2=""),"",Q2))
A3: TQRMNOP100002 | B3: 2025 | C3: 1 | D3: 41 | E3: N | F3: 12 | G3: 1603 | H3: 3 | I3: 2 | J3: 18 | K3: 2 | L3: 1 | M3: 3 | R3: 0 | S3: 0 | T3: 0 | U3: 367200 | V3: =IFERROR(VLOOKUP(D3,Tablas_Equivalencia!$A$3:$B$8,2,FALSE),"Sin dato") | W3: =IFERROR(VLOOKUP(L3,Tablas_Equivalencia!$D$3:$E$9,2,FALSE),"Sin dato") | X3: =IF(I3=1,"Varón","Mujer") | Y3: =IFERROR(VLOOKUP(M3,Tablas_Equivalencia!$G$3:$H$6,2,FALSE),"Sin dato") | Z3: =IF(J3<=24,"18-24","25-29") | AA3: =IF(M3<>1,"",IF(P3=2,1,0)) | AB3: =IF(M3<>1,"",IF(O3>=2,1,0)) | AC3: =IF(M3<>1,"",IF(OR(Q3=999,Q3=""),"",IF(OR(Q3<35,Q3>48),1,0))) | AD3: =IF(COUNT(AA3:AC3)<3,"",SUM(AA3:AC3)) | AE3: =IF(L3>=4,2,IF(L3>=2,1,0)) | AF3: =IF(L3>=5,1,0) | AG3: =AE3+AF3 | AH3: =IF(M3<>1,"",IF(OR(R3=-9,R3=""),"",R3)) | AI3: =IF(M3<>1,"",IF(OR(Q3=999,Q3=""),"",Q3))
A4: TQRMNOP100005 | B4: 2025 | C4: 1 | D4: 43 | E4: N | F4: 34 | G4: 1073 | H4: 1 | I4: 2 | J4: 28 | K4: 1 | L4: 4 | M4: 1 | N4: 2 | O4: 2 | P4: 2 | Q4: 32 | R4: 271000 | S4: 0 | T4: 271000 | U4: 169600 | V4: =IFERROR(VLOOKUP(D4,Tablas_Equivalencia!$A$3:$B$8,2,FALSE),"Sin dato") | W4: =IFERROR(VLOOKUP(L4,Tablas_Equivalencia!$D$3:$E$9,2,FALSE),"Sin dato") | X4: =IF(I4=1,"Varón","Mujer") | Y4: =IFERROR(VLOOKUP(M4,Tablas_Equivalencia!$G$3:$H$6,2,FALSE),"Sin dato") | Z4: =IF(J4<=24,"18-24","25-29") | AA4: =IF(M4<>1,"",IF(P4=2,1,0)) | AB4: =IF(M4<>1,"",IF(O4>=2,1,0)) | AC4: =IF(M4<>1,"",IF(OR(Q4=999,Q4=""),"",IF(OR(Q4<35,Q4>48),1,0))) | AD4: =IF(COUNT(AA4:AC4)<3,"",SUM(AA4:AC4)) | AE4: =IF(L4>=4,2,IF(L4>=2,1,0)) | AF4: =IF(L4>=5,1,0) | AG4: =AE4+AF4 | AH4: =IF(M4<>1,"",IF(OR(R4=-9,R4=""),"",R4)) | AI4: =IF(M4<>1,"",IF(OR(Q4=999,Q4=""),"",Q4))
A5: TQRMNOP100010 | B5: 2025 | C5: 1 | D5: 44 | E5: N | F5: 93 | G5: 1288 | H5: 1 | I5: 2 | J5: 18 | K5: 2 | L5: 4 | M5: 3 | R5: 0 | S5: 0 | T5: 0 | U5: 161800 | V5: =IFERROR(VLOOKUP(D5,Tablas_Equivalencia!$A$3:$B$8,2,FALSE),"Sin dato") | W5: =IFERROR(VLOOKUP(L5,Tablas_Equivalencia!$D$3:$E$9,2,FALSE),"Sin dato") | X5: =IF(I5=1,"Varón","Mujer") | Y5: =IFERROR(VLOOKUP(M5,Tablas_Equivalencia!$G$3:$H$6,2,FALSE),"Sin dato") | Z5: =IF(J5<=24,"18-24","25-29") | AA5: =IF(M5<>1,"",IF(P5=2,1,0)) | AB5: =IF(M5<>1,"",IF(O5>=2,1,0)) | AC5: =IF(M5<>1,"",IF(OR(Q5=999,Q5=""),"",IF(OR(Q5<35,Q5>48),1,0))) | AD5: =IF(COUNT(AA5:AC5)<3,"",SUM(AA5:AC5)) | AE5: =IF(L5>=4,2,IF(L5>=2,1,0)) | AF5: =IF(L5>=5,1,0) | AG5: =AE5+AF5 | AH5: =IF(M5<>1,"",IF(OR(R5=-9,R5=""),"",R5)) | AI5: =IF(M5<>1,"",IF(OR(Q5=999,Q5=""),"",Q5))
A6: TQRMNOP100012 | B6: 2025 | C6: 1 | D6: 42 | E6: N | F6: 27 | G6: 1734 | H6: 3 | I6: 2 | J6: 23 | K6: 2 | L6: 5 | M6: 1 | N6: 3 | O6: 2 | P6: 2 | Q6: 27 | R6: 371000 | S6: 0 | T6: 371000 | U6: 85200 | V6: =IFERROR(VLOOKUP(D6,Tablas_Equivalencia!$A$3:$B$8,2,FALSE),"Sin dato") | W6: =IFERROR(VLOOKUP(L6,Tablas_Equivalencia!$D$3:$E$9,2,FALSE),"Sin dato") | X6: =IF(I6=1,"Varón","Mujer") | Y6: =IFERROR(VLOOKUP(M6,Tablas_Equivalencia!$G$3:$H$6,2,FALSE),"Sin dato") | Z6: =IF(J6<=24,"18-24","25-29") | AA6: =IF(M6<>1,"",IF(P6=2,1,0)) | AB6: =IF(M6<>1,"",IF(O6>=2,1,0)) | AC6: =IF(M6<>1,"",IF(OR(Q6=999,Q6=""),"",IF(OR(Q6<35,Q6>48),1,0))) | AD6: =IF(COUNT(AA6:AC6)<3,"",SUM(AA6:AC6)) | AE6: =IF(L6>=4,2,IF(L6>=2,1,0)) | AF6: =IF(L6>=5,1,0) | AG6: =AE6+AF6 | AH6: =IF(M6<>1,"",IF(OR(R6=-9,R6=""),"",R6)) | AI6: =IF(M6<>1,"",IF(OR(Q6=999,Q6=""),"",Q6))
A7: TQRMNOP100013 | B7: 2025 | C7: 1 | D7: 43 | E7: S | F7: 20 | G7: 667 | H7: 1 | I7: 2 | J7: 28 | K7: 2 | L7: 6 | M7: 1 | N7: 3 | O7: 1 | P7: 1 | Q7: 37 | R7: 620000 | S7: 0 | T7: 620000 | U7: 163300 | V7: =IFERROR(VLOOKUP(D7,Tablas_Equivalencia!$A$3:$B$8,2,FALSE),"Sin dato") | W7: =IFERROR(VLOOKUP(L7,Tablas_Equivalencia!$D$3:$E$9,2,FALSE),"Sin dato") | X7: =IF(I7=1,"Varón","Mujer") | Y7: =IFERROR(VLOOKUP(M7,Tablas_Equivalencia!$G$3:$H$6,2,FALSE),"Sin dato") | Z7: =IF(J7<=24,"18-24","25-29") | AA7: =IF(M7<>1,"",IF(P7=2,1,0)) | AB7: =IF(M7<>1,"",IF(O7>=2,1,0)) | AC7: =IF(M7<>1,"",IF(OR(Q7=999,Q7=""),"",IF(OR(Q7<35,Q7>48),1,0))) | AD7: =IF(COUNT(AA7:AC7)<3,"",SUM(AA7:AC7)) | AE7: =IF(L7>=4,2,IF(L7>=2,1,0)) | AF7: =IF(L7>=5,1,0) | AG7: =AE7+AF7 | AH7: =IF(M7<>1,"",IF(OR(R7=-9,R7=""),"",R7)) | AI7: =IF(M7<>1,"",IF(OR(Q7=999,Q7=""),"",Q7))
A8: TQRMNOP100014 | B8: 2025 | C8: 1 | D8: 41 | E8: N | F8: 12 | G8: 1462 | H8: 1 | I8: 2 | J8: 22 | K8: 2 | L8: 5 | M8: 3 | R8: 0 | S8: 30000 | T8: 30000 | U8: 158000 | V8: =IFERROR(VLOOKUP(D8,Tablas_Equivalencia!$A$3:$B$8,2,FALSE),"Sin dato") | W8: =IFERROR(VLOOKUP(L8,Tablas_Equivalencia!$D$3:$E$9,2,FALSE),"Sin dato") | X8: =IF(I8=1,"Varón","Mujer") | Y8: =IFERROR(VLOOKUP(M8,Tablas_Equivalencia!$G$3:$H$6,2,FALSE),"Sin dato") | Z8: =IF(J8<=24,"18-24","25-29") | AA8: =IF(M8<>1,"",IF(P8=2,1,0)) | AB8: =IF(M8<>1,"",IF(O8>=2,1,0)) | AC8: =IF(M8<>1,"",IF(OR(Q8=999,Q8=""),"",IF(OR(Q8<35,Q8>48),1,0))) | AD8: =IF(COUNT(AA8:AC8)<3,"",SUM(AA8:AC8)) | AE8: =IF(L8>=4,2,IF(L8>=2,1,0)) | AF8: =IF(L8>=5,1,0) | AG8: =AE8+AF8 | AH8: =IF(M8<>1,"",IF(OR(R8=-9,R8=""),"",R8)) | AI8: =IF(M8<>1,"",IF(OR(Q8=999,Q8=""),"",Q8))
A9: TQRMNOP100031 | B9: 2025 | C9: 1 | D9: 43 | E9: S | F9: 17 | G9: 925 | H9: 1 | I9: 1 | J9: 28 | K9: 2 | L9: 4 | M9: 1 | N9: 3 | O9: 1 | P9: 1 | Q9: 35 | R9: 390000 | S9: 0 | T9: 390000 | U9: 81800 | V9: =IFERROR(VLOOKUP(D9,Tablas_Equivalencia!$A$3:$B$8,2,FALSE),"Sin dato") | W9: =IFERROR(VLOOKUP(L9,Tablas_Equivalencia!$D$3:$E$9,2,FALSE),"Sin dato") | X9: =IF(I9=1,"Varón","Mujer") | Y9: =IFERROR(VLOOKUP(M9,Tablas_Equivalencia!$G$3:$H$6,2,FALSE),"Sin dato") | Z9: =IF(J9<=24,"18-24","25-29") | AA9: =IF(M9<>1,"",IF(P9=2,1,0)) | AB9: =IF(M9<>1,"",IF(O9>=2,1,0)) | AC9: =IF(M9<>1,"",IF(OR(Q9=999,Q9=""),"",IF(OR(Q9<35,Q9>48),1,0))) | AD9: =IF(COUNT(AA9:AC9)<3,"",SUM(AA9:AC9)) | AE9: =IF(L9>=4,2,IF(L9>=2,1,0)) | AF9: =IF(L9>=5,1,0) | AG9: =AE9+AF9 | AH9: =IF(M9<>1,"",IF(OR(R9=-9,R9=""),"",R9)) | AI9: =IF(M9<>1,"",IF(OR(Q9=999,Q9=""),"",Q9))
A10: TQRMNOP100034 | B10: 2025 | C10: 1 | D10: 40 | E10: S | F10: 7 | G10: 728 | H10: 3 | I10: 2 | J10: 25 | K10: 2 | L10: 6 | M10: 1 | N10: 3 | O10: 1 | P10: 1 | Q10: 35 | R10: 990000 | S10: 0 | T10: 990000 | U10: 37600 | V10: =IFERROR(VLOOKUP(D10,Tablas_Equivalencia!$A$3:$B$8,2,FALSE),"Sin dato") | W10: =IFERROR(VLOOKUP(L10,Tablas_Equivalencia!$D$3:$E$9,2,FALSE),"Sin dato") | X10: =IF(I10=1,"Varón","Mujer") | Y10: =IFERROR(VLOOKUP(M10,Tablas_Equivalencia!$G$3:$H$6,2,FALSE),"Sin dato") | Z10: =IF(J10<=24,"18-24","25-29") | AA10: =IF(M10<>1,"",IF(P10=2,1,0)) | AB10: =IF(M10<>1,"",IF(O10>=2,1,0)) | AC10: =IF(M10<>1,"",IF(OR(Q10=999,Q10=""),"",IF(OR(Q10<35,Q10>48),1,0))) | AD10: =IF(COUNT(AA10:AC10)<3,"",SUM(AA10:AC10)) | AE10: =IF(L10>=4,2,IF(L10>=2,1,0)) | AF10: =IF(L10>=5,1,0) | AG10: =AE10+AF10 | AH10: =IF(M10<>1,"",IF(OR(R10=-9,R10=""),"",R10)) | AI10: =IF(M10<>1,"",IF(OR(Q10=999,Q10=""),"",Q10))
A11: TQRMNOP100041 | B11: 2025 | C11: 1 | D11: 40 | E11: N | F11: 22 | G11: 1345 | H11: 1 | I11: 2 | J11: 24 | K11: 1 | L11: 4 | M11: 1 | N11: 3 | O11: 2 | P11: 2 | Q11: 41 | R11: -9 | S11: 0 | T11: 0 | U11: 187700 | V11: =IFERROR(VLOOKUP(D11,Tablas_Equivalencia!$A$3:$B$8,2,FALSE),"Sin dato") | W11: =IFERROR(VLOOKUP(L11,Tablas_Equivalencia!$D$3:$E$9,2,FALSE),"Sin dato") | X11: =IF(I11=1,"Varón","Mujer") | Y11: =IFERROR(VLOOKUP(M11,Tablas_Equivalencia!$G$3:$H$6,2,FALSE),"Sin dato") | Z11: =IF(J11<=24,"18-24","25-29") | AA11: =IF(M11<>1,"",IF(P11=2,1,0)) | AB11: =IF(M11<>1,"",IF(O11>=2,1,0)) | AC11: =IF(M11<>1,"",IF(OR(Q11=999,Q11=""),"",IF(OR(Q11<35,Q11>48),1,0))) | AD11: =IF(COUNT(AA11:AC11)<3,"",SUM(AA11:AC11)) | AE11: =IF(L11>=4,2,IF(L11>=2,1,0)) | AF11: =IF(L11>=5,1,0) | AG11: =AE11+AF11 | AH11: =IF(M11<>1,"",IF(OR(R11=-9,R11=""),"",R11)) | AI11: =IF(M11<>1,"",IF(OR(Q11=999,Q11=""),"",Q11))
A12: TQRMNOP100060 | B12: 2025 | C12: 1 | D12: 41 | E12: N | F12: 12 | G12: 445 | H12: 1 | I12: 1 | J12: 24 | K12: 2 | L12: 4 | M12: 3 | R12: 0 | S12: 0 | T12: 0 | U12: 179800 | V12: =IFERROR(VLOOKUP(D12,Tablas_Equivalencia!$A$3:$B$8,2,FALSE),"Sin dato") | W12: =IFERROR(VLOOKUP(L12,Tablas_Equivalencia!$D$3:$E$9,2,FALSE),"Sin dato") | X12: =IF(I12=1,"Varón","Mujer") | Y12: =IFERROR(VLOOKUP(M12,Tablas_Equivalencia!$G$3:$H$6,2,FALSE),"Sin dato") | Z12: =IF(J12<=24,"18-24","25-29") | AA12: =IF(M12<>1,"",IF(P12=2,1,0)) | AB12: =IF(M12<>1,"",IF(O12>=2,1,0)) | AC12: =IF(M12<>1,"",IF(OR(Q12=999,Q12=""),"",IF(OR(Q12<35,Q12>48),1,0))) | AD12: =IF(COUNT(AA12:AC12)<3,"",SUM(AA12:AC12)) | AE12: =IF(L12>=4,2,IF(L12>=2,1,0)) | AF12: =IF(L12>=5,1,0) | AG12: =AE12+AF12 | AH12: =IF(M12<>1,"",IF(OR(R12=-9,R12=""),"",R12)) | AI12: =IF(M12<>1,"",IF(OR(Q12=999,Q12=""),"",Q12))
A13: TQRMNOP100066 | B13: 2025 | C13: 1 | D13: 1 | E13: S | F13: 33 | G13: 586 | H13: 3 | I13: 2 | J13: 27 | K13: 1 | L13: 6 | M13: 3 | R13: 0 | S13: 0 | T13: 0 | U13: 89100 | V13: =IFERROR(VLOOKUP(D13,Tablas_Equivalencia!$A$3:$B$8,2,FALSE),"Sin dato") | W13: =IFERROR(VLOOKUP(L13,Tablas_Equivalencia!$D$3:$E$9,2,FALSE),"Sin dato") | X13: =IF(I13=1,"Varón","Mujer") | Y13: =IFERROR(VLOOKUP(M13,Tablas_Equivalencia!$G$3:$H$6,2,FALSE),"Sin dato") | Z13: =IF(J13<=24,"18-24","25-29") | AA13: =IF(M13<>1,"",IF(P13=2,1,0)) | AB13: =IF(M13<>1,"",IF(O13>=2,1,0)) | AC13: =IF(M13<>1,"",IF(OR(Q13=999,Q13=""),"",IF(OR(Q13<35,Q13>48),1,0))) | AD13: =IF(COUNT(AA13:AC13)<3,"",SUM(AA13:AC13)) | AE13: =IF(L13>=4,2,IF(L13>=2,1,0)) | AF13: =IF(L13>=5,1,0) | AG13: =AE13+AF13 | AH13: =IF(M13<>1,"",IF(OR(R13=-9,R13=""),"",R13)) | AI13: =IF(M13<>1,"",IF(OR(Q13=999,Q13=""),"",Q13))
A14: TQRMNOP100068 | B14: 2025 | C14: 1 | D14: 43 | E14: S | F14: 20 | G14: 418 | H14: 3 | I14: 2 | J14: 24 | K14: 1 | L14: 5 | M14: 1 | N14: 3 | O14: 2 | P14: 2 | Q14: 32 | R14: 475000 | S14: 54000 | T14: 529000 | U14: 42500 | V14: =IFERROR(VLOOKUP(D14,Tablas_Equivalencia!$A$3:$B$8,2,FALSE),"Sin dato") | W14: =IFERROR(VLOOKUP(L14,Tablas_Equivalencia!$D$3:$E$9,2,FALSE),"Sin dato") | X14: =IF(I14=1,"Varón","Mujer") | Y14: =IFERROR(VLOOKUP(M14,Tablas_Equivalencia!$G$3:$H$6,2,FALSE),"Sin dato") | Z14: =IF(J14<=24,"18-24","25-29") | AA14: =IF(M14<>1,"",IF(P14=2,1,0)) | AB14: =IF(M14<>1,"",IF(O14>=2,1,0)) | AC14: =IF(M14<>1,"",IF(OR(Q14=999,Q14=""),"",IF(OR(Q14<35,Q14>48),1,0))) | AD14: =IF(COUNT(AA14:AC14)<3,"",SUM(AA14:AC14)) | AE14: =IF(L14>=4,2,IF(L14>=2,1,0)) | AF14: =IF(L14>=5,1,0) | AG14: =AE14+AF14 | AH14: =IF(M14<>1,"",IF(OR(R14=-9,R14=""),"",R14)) | AI14: =IF(M14<>1,"",IF(OR(Q14=999,Q14=""),"",Q14))
A15: TQRMNOP100071 | B15: 2025 | C15: 1 | D15: 40 | E15: N | F15: 9 | G15: 971 | H15: 3 | I15: 1 | J15: 19 | K15: 1 | L15: 4 | M15: 3 | R15: 0 | S15: 0 | T15: 0 | U15: 115200 | V15: =IFERROR(VLOOKUP(D15,Tablas_Equivalencia!$A$3:$B$8,2,FALSE),"Sin dato") | W15: =IFERROR(VLOOKUP(L15,Tablas_Equivalencia!$D$3:$E$9,2,FALSE),"Sin dato") | X15: =IF(I15=1,"Varón","Mujer") | Y15: =IFERROR(VLOOKUP(M15,Tablas_Equivalencia!$G$3:$H$6,2,FALSE),"Sin dato") | Z15: =IF(J15<=24,"18-24","25-29") | AA15: =IF(M15<>1,"",IF(P15=2,1,0)) | AB15: =IF(M15<>1,"",IF(O15>=2,1,0)) | AC15: =IF(M15<>1,"",IF(OR(Q15=999,Q15=""),"",IF(OR(Q15<35,Q15>48),1,0))) | AD15: =IF(COUNT(AA15:AC15)<3,"",SUM(AA15:AC15)) | AE15: =IF(L15>=4,2,IF(L15>=2,1,0)) | AF15: =IF(L15>=5,1,0) | AG15: =AE15+AF15 | AH15: =IF(M15<>1,"",IF(OR(R15=-9,R15=""),"",R15)) | AI15: =IF(M15<>1,"",IF(OR(Q15=999,Q15=""),"",Q15))
A16: TQRMNOP100072 | B16: 2025 | C16: 1 | D16: 43 | E16: N | F16: 29 | G16: 738 | H16: 3 | I16: 1 | J16: 24 | K16: 1 | L16: 5 | M16: 2 | R16: 0 | S16: 0 | T16: 0 | U16: 267100 | V16: =IFERROR(VLOOKUP(D16,Tablas_Equivalencia!$A$3:$B$8,2,FALSE),"Sin dato") | W16: =IFERROR(VLOOKUP(L16,Tablas_Equivalencia!$D$3:$E$9,2,FALSE),"Sin dato") | X16: =IF(I16=1,"Varón","Mujer") | Y16: =IFERROR(VLOOKUP(M16,Tablas_Equivalencia!$G$3:$H$6,2,FALSE),"Sin dato") | Z16: =IF(J16<=24,"18-24","25-29") | AA16: =IF(M16<>1,"",IF(P16=2,1,0)) | AB16: =IF(M16<>1,"",IF(O16>=2,1,0)) | AC16: =IF(M16<>1,"",IF(OR(Q16=999,Q16=""),"",IF(OR(Q16<35,Q16>48),1,0))) | AD16: =IF(COUNT(AA16:AC16)<3,"",SUM(AA16:AC16)) | AE16: =IF(L16>=4,2,IF(L16>=2,1,0)) | AF16: =IF(L16>=5,1,0) | AG16: =AE16+AF16 | AH16: =IF(M16<>1,"",IF(OR(R16=-9,R16=""),"",R16)) | AI16: =IF(M16<>1,"",IF(OR(Q16=999,Q16=""),"",Q16))
A17: TQRMNOP100074 | B17: 2025 | C17: 1 | D17: 43 | E17: S | F17: 19 | G17: 1969 | H17: 1 | I17: 1 | J17: 23 | K17: 2 | L17: 6 | M17: 1 | N17: 3 | O17: 1 | P17: 1 | Q17: 53 | R17: 1804000 | S17: 0 | T17: 1804000 | U17: 134600 | V17: =IFERROR(VLOOKUP(D17,Tablas_Equivalencia!$A$3:$B$8,2,FALSE),"Sin dato") | W17: =IFERROR(VLOOKUP(L17,Tablas_Equivalencia!$D$3:$E$9,2,FALSE),"Sin dato") | X17: =IF(I17=1,"Varón","Mujer") | Y17: =IFERROR(VLOOKUP(M17,Tablas_Equivalencia!$G$3:$H$6,2,FALSE),"Sin dato") | Z17: =IF(J17<=24,"18-24","25-29") | AA17: =IF(M17<>1,"",IF(P17=2,1,0)) | AB17: =IF(M17<>1,"",IF(O17>=2,1,0)) | AC17: =IF(M17<>1,"",IF(OR(Q17=999,Q17=""),"",IF(OR(Q17<35,Q17>48),1,0))) | AD17: =IF(COUNT(AA17:AC17)<3,"",SUM(AA17:AC17)) | AE17: =IF(L17>=4,2,IF(L17>=2,1,0)) | AF17: =IF(L17>=5,1,0) | AG17: =AE17+AF17 | AH17: =IF(M17<>1,"",IF(OR(R17=-9,R17=""),"",R17)) | AI17: =IF(M17<>1,"",IF(OR(Q17=999,Q17=""),"",Q17))
A18: TQRMNOP100075 | B18: 2025 | C18: 1 | D18: 42 | E18: N | F18: 25 | G18: 1744 | H18: 3 | I18: 1 | J18: 27 | K18: 2 | L18: 3 | M18: 1 | N18: 3 | O18: 3 | P18: 2 | Q18: 37 | R18: 388000 | S18: 0 | T18: 388000 | U18: 191700 | V18: =IFERROR(VLOOKUP(D18,Tablas_Equivalencia!$A$3:$B$8,2,FALSE),"Sin dato") | W18: =IFERROR(VLOOKUP(L18,Tablas_Equivalencia!$D$3:$E$9,2,FALSE),"Sin dato") | X18: =IF(I18=1,"Varón","Mujer") | Y18: =IFERROR(VLOOKUP(M18,Tablas_Equivalencia!$G$3:$H$6,2,FALSE),"Sin dato") | Z18: =IF(J18<=24,"18-24","25-29") | AA18: =IF(M18<>1,"",IF(P18=2,1,0)) | AB18: =IF(M18<>1,"",IF(O18>=2,1,0)) | AC18: =IF(M18<>1,"",IF(OR(Q18=999,Q18=""),"",IF(OR(Q18<35,Q18>48),1,0))) | AD18: =IF(COUNT(AA18:AC18)<3,"",SUM(AA18:AC18)) | AE18: =IF(L18>=4,2,IF(L18>=2,1,0)) | AF18: =IF(L18>=5,1,0) | AG18: =AE18+AF18 | AH18: =IF(M18<>1,"",IF(OR(R18=-9,R18=""),"",R18)) | AI18: =IF(M18<>1,"",IF(OR(Q18=999,Q18=""),"",Q18))
A19: TQRMNOP100080 | B19: 2025 | C19: 1 | D19: 1 | E19: S | F19: 33 | G19: 1334 | H19: 3 | I19: 2 | J19: 18 | K19: 1 | L19: 4 | M19: 3 | R19: 0 | S19: 0 | T19: 0 | U19: 200400 | V19: =IFERROR(VLOOKUP(D19,Tablas_Equivalencia!$A$3:$B$8,2,FALSE),"Sin dato") | W19: =IFERROR(VLOOKUP(L19,Tablas_Equivalencia!$D$3:$E$9,2,FALSE),"Sin dato") | X19: =IF(I19=1,"Varón","Mujer") | Y19: =IFERROR(VLOOKUP(M19,Tablas_Equivalencia!$G$3:$H$6,2,FALSE),"Sin dato") | Z19: =IF(J19<=24,"18-24","25-29") | AA19: =IF(M19<>1,"",IF(P19=2,1,0)) | AB19: =IF(M19<>1,"",IF(O19>=2,1,0)) | AC19: =IF(M19<>1,"",IF(OR(Q19=999,Q19=""),"",IF(OR(Q19<35,Q19>48),1,0))) | AD19: =IF(COUNT(AA19:AC19)<3,"",SUM(AA19:AC19)) | AE19: =IF(L19>=4,2,IF(L19>=2,1,0)) | AF19: =IF(L19>=5,1,0) | AG19: =AE19+AF19 | AH19: =IF(M19<>1,"",IF(OR(R19=-9,R19=""),"",R19)) | AI19: =IF(M19<>1,"",IF(OR(Q19=999,Q19=""),"",Q19))
A20: TQRMNOP100095 | B20: 2025 | C20: 1 | D20: 42 | E20: N | F20: 25 | G20: 1444 | H20: 1 | I20: 2 | J20: 25 | K20: 2 | L20: 5 | M20: 1 | N20: 2 | O20: 2 | P20: 2 | Q20: 34 | R20: 682000 | S20: 0 | T20: 682000 | U20: 77300 | V20: =IFERROR(VLOOKUP(D20,Tablas_Equivalencia!$A$3:$B$8,2,FALSE),"Sin dato") | W20: =IFERROR(VLOOKUP(L20,Tablas_Equivalencia!$D$3:$E$9,2,FALSE),"Sin dato") | X20: =IF(I20=1,"Varón","Mujer") | Y20: =IFERROR(VLOOKUP(M20,Tablas_Equivalencia!$G$3:$H$6,2,FALSE),"Sin dato") | Z20: =IF(J20<=24,"18-24","25-29") | AA20: =IF(M20<>1,"",IF(P20=2,1,0)) | AB20: =IF(M20<>1,"",IF(O20>=2,1,0)) | AC20: =IF(M20<>1,"",IF(OR(Q20=999,Q20=""),"",IF(OR(Q20<35,Q20>48),1,0))) | AD20: =IF(COUNT(AA20:AC20)<3,"",SUM(AA20:AC20)) | AE20: =IF(L20>=4,2,IF(L20>=2,1,0)) | AF20: =IF(L20>=5,1,0) | AG20: =AE20+AF20 | AH20: =IF(M20<>1,"",IF(OR(R20=-9,R20=""),"",R20)) | AI20: =IF(M20<>1,"",IF(OR(Q20=999,Q20=""),"",Q20))
A21: TQRMNOP100097 | B21: 2025 | C21: 1 | D21: 43 | E21: S | F21: 19 | G21: 1024 | H21: 3 | I21: 2 | J21: 19 | K21: 1 | L21: 5 | M21: 3 | R21: 0 | S21: 0 | T21: 0 | U21: 75100 | V21: =IFERROR(VLOOKUP(D21,Tablas_Equivalencia!$A$3:$B$8,2,FALSE),"Sin dato") | W21: =IFERROR(VLOOKUP(L21,Tablas_Equivalencia!$D$3:$E$9,2,FALSE),"Sin dato") | X21: =IF(I21=1,"Varón","Mujer") | Y21: =IFERROR(VLOOKUP(M21,Tablas_Equivalencia!$G$3:$H$6,2,FALSE),"Sin dato") | Z21: =IF(J21<=24,"18-24","25-29") | AA21: =IF(M21<>1,"",IF(P21=2,1,0)) | AB21: =IF(M21<>1,"",IF(O21>=2,1,0)) | AC21: =IF(M21<>1,"",IF(OR(Q21=999,Q21=""),"",IF(OR(Q21<35,Q21>48),1,0))) | AD21: =IF(COUNT(AA21:AC21)<3,"",SUM(AA21:AC21)) | AE21: =IF(L21>=4,2,IF(L21>=2,1,0)) | AF21: =IF(L21>=5,1,0) | AG21: =AE21+AF21 | AH21: =IF(M21<>1,"",IF(OR(R21=-9,R21=""),"",R21)) | AI21: =IF(M21<>1,"",IF(OR(Q21=999,Q21=""),"",Q21))
A22: TQRMNOP100117 | B22: 2025 | C22: 1 | D22: 41 | E22: S | F22: 8 | G22: 1977 | H22: 3 | I22: 2 | J22: 20 | K22: 2 | L22: 3 | M22: 3 | R22: 0 | S22: 69000 | T22: 69000 | U22: 118200 | V22: =IFERROR(VLOOKUP(D22,Tablas_Equivalencia!$A$3:$B$8,2,FALSE),"Sin dato") | W22: =IFERROR(VLOOKUP(L22,Tablas_Equivalencia!$D$3:$E$9,2,FALSE),"Sin dato") | X22: =IF(I22=1,"Varón","Mujer") | Y22: =IFERROR(VLOOKUP(M22,Tablas_Equivalencia!$G$3:$H$6,2,FALSE),"Sin dato") | Z22: =IF(J22<=24,"18-24","25-29") | AA22: =IF(M22<>1,"",IF(P22=2,1,0)) | AB22: =IF(M22<>1,"",IF(O22>=2,1,0)) | AC22: =IF(M22<>1,"",IF(OR(Q22=999,Q22=""),"",IF(OR(Q22<35,Q22>48),1,0))) | AD22: =IF(COUNT(AA22:AC22)<3,"",SUM(AA22:AC22)) | AE22: =IF(L22>=4,2,IF(L22>=2,1,0)) | AF22: =IF(L22>=5,1,0) | AG22: =AE22+AF22 | AH22: =IF(M22<>1,"",IF(OR(R22=-9,R22=""),"",R22)) | AI22: =IF(M22<>1,"",IF(OR(Q22=999,Q22=""),"",Q22))
A23: TQRMNOP100126 | B23: 2025 | C23: 1 | D23: 42 | E23: N | F23: 25 | G23: 604 | H23: 3 | I23: 1 | J23: 29 | K23: 1 | L23: 2 | M23: 1 | N23: 3 | O23: 3 | P23: 2 | Q23: 41 | R23: 418000 | S23: 0 | T23: 418000 | U23: 195000 | V23: =IFERROR(VLOOKUP(D23,Tablas_Equivalencia!$A$3:$B$8,2,FALSE),"Sin dato") | W23: =IFERROR(VLOOKUP(L23,Tablas_Equivalencia!$D$3:$E$9,2,FALSE),"Sin dato") | X23: =IF(I23=1,"Varón","Mujer") | Y23: =IFERROR(VLOOKUP(M23,Tablas_Equivalencia!$G$3:$H$6,2,FALSE),"Sin dato") | Z23: =IF(J23<=24,"18-24","25-29") | AA23: =IF(M23<>1,"",IF(P23=2,1,0)) | AB23: =IF(M23<>1,"",IF(O23>=2,1,0)) | AC23: =IF(M23<>1,"",IF(OR(Q23=999,Q23=""),"",IF(OR(Q23<35,Q23>48),1,0))) | AD23: =IF(COUNT(AA23:AC23)<3,"",SUM(AA23:AC23)) | AE23: =IF(L23>=4,2,IF(L23>=2,1,0)) | AF23: =IF(L23>=5,1,0) | AG23: =AE23+AF23 | AH23: =IF(M23<>1,"",IF(OR(R23=-9,R23=""),"",R23)) | AI23: =IF(M23<>1,"",IF(OR(Q23=999,Q23=""),"",Q23))
A24: TQRMNOP100129 | B24: 2025 | C24: 1 | D24: 41 | E24: N | F24: 15 | G24: 1702 | H24: 3 | I24: 2 | J24: 27 | K24: 2 | L24: 2 | M24: 3 | R24: 0 | S24: 0 | T24: 0 | U24: 171700 | V24: =IFERROR(VLOOKUP(D24,Tablas_Equivalencia!$A$3:$B$8,2,FALSE),"Sin dato") | W24: =IFERROR(VLOOKUP(L24,Tablas_Equivalencia!$D$3:$E$9,2,FALSE),"Sin dato") | X24: =IF(I24=1,"Varón","Mujer") | Y24: =IFERROR(VLOOKUP(M24,Tablas_Equivalencia!$G$3:$H$6,2,FALSE),"Sin dato") | Z24: =IF(J24<=24,"18-24","25-29") | AA24: =IF(M24<>1,"",IF(P24=2,1,0)) | AB24: =IF(M24<>1,"",IF(O24>=2,1,0)) | AC24: =IF(M24<>1,"",IF(OR(Q24=999,Q24=""),"",IF(OR(Q24<35,Q24>48),1,0))) | AD24: =IF(COUNT(AA24:AC24)<3,"",SUM(AA24:AC24)) | AE24: =IF(L24>=4,2,IF(L24>=2,1,0)) | AF24: =IF(L24>=5,1,0) | AG24: =AE24+AF24 | AH24: =IF(M24<>1,"",IF(OR(R24=-9,R24=""),"",R24)) | AI24: =IF(M24<>1,"",IF(OR(Q24=999,Q24=""),"",Q24))
A25: TQRMNOP100136 | B25: 2025 | C25: 1 | D25: 43 | E25: S | F25: 30 | G25: 1034 | H25: 3 | I25: 1 | J25: 24 | K25: 2 | L25: 6 | M25: 1 | N25: 1 | O25: 1 | P25: 1 | Q25: 22 | R25: 1107000 | S25: 0 | T25: 1107000 | U25: 174100 | V25: =IFERROR(VLOOKUP(D25,Tablas_Equivalencia!$A$3:$B$8,2,FALSE),"Sin dato") | W25: =IFERROR(VLOOKUP(L25,Tablas_Equivalencia!$D$3:$E$9,2,FALSE),"Sin dato") | X25: =IF(I25=1,"Varón","Mujer") | Y25: =IFERROR(VLOOKUP(M25,Tablas_Equivalencia!$G$3:$H$6,2,FALSE),"Sin dato") | Z25: =IF(J25<=24,"18-24","25-29") | AA25: =IF(M25<>1,"",IF(P25=2,1,0)) | AB25: =IF(M25<>1,"",IF(O25>=2,1,0)) | AC25: =IF(M25<>1,"",IF(OR(Q25=999,Q25=""),"",IF(OR(Q25<35,Q25>48),1,0))) | AD25: =IF(COUNT(AA25:AC25)<3,"",SUM(AA25:AC25)) | AE25: =IF(L25>=4,2,IF(L25>=2,1,0)) | AF25: =IF(L25>=5,1,0) | AG25: =AE25+AF25 | AH25: =IF(M25<>1,"",IF(OR(R25=-9,R25=""),"",R25)) | AI25: =IF(M25<>1,"",IF(OR(Q25=999,Q25=""),"",Q25))
A26: TQRMNOP100150 | B26: 2025 | C26: 1 | D26: 43 | E26: N | F26: 38 | G26: 735 | H26: 3 | I26: 2 | J26: 23 | K26: 1 | L26: 6 | M26: 3 | R26: 0 | S26: 0 | T26: 0 | U26: 92700 | V26: =IFERROR(VLOOKUP(D26,Tablas_Equivalencia!$A$3:$B$8,2,FALSE),"Sin dato") | W26: =IFERROR(VLOOKUP(L26,Tablas_Equivalencia!$D$3:$E$9,2,FALSE),"Sin dato") | X26: =IF(I26=1,"Varón","Mujer") | Y26: =IFERROR(VLOOKUP(M26,Tablas_Equivalencia!$G$3:$H$6,2,FALSE),"Sin dato") | Z26: =IF(J26<=24,"18-24","25-29") | AA26: =IF(M26<>1,"",IF(P26=2,1,0)) | AB26: =IF(M26<>1,"",IF(O26>=2,1,0)) | AC26: =IF(M26<>1,"",IF(OR(Q26=999,Q26=""),"",IF(OR(Q26<35,Q26>48),1,0))) | AD26: =IF(COUNT(AA26:AC26)<3,"",SUM(AA26:AC26)) | AE26: =IF(L26>=4,2,IF(L26>=2,1,0)) | AF26: =IF(L26>=5,1,0) | AG26: =AE26+AF26 | AH26: =IF(M26<>1,"",IF(OR(R26=-9,R26=""),"",R26)) | AI26: =IF(M26<>1,"",IF(OR(Q26=999,Q26=""),"",Q26))
A27: TQRMNOP100151 | B27: 2025 | C27: 1 | D27: 40 | E27: S | F27: 7 | G27: 519 | H27: 3 | I27: 2 | J27: 22 | K27: 2 | L27: 4 | M27: 1 | N27: 3 | O27: 2 | P27: 2 | Q27: 47 | R27: 166000 | S27: 0 | T27: 166000 | U27: 314000 | V27: =IFERROR(VLOOKUP(D27,Tablas_Equivalencia!$A$3:$B$8,2,FALSE),"Sin dato") | W27: =IFERROR(VLOOKUP(L27,Tablas_Equivalencia!$D$3:$E$9,2,FALSE),"Sin dato") | X27: =IF(I27=1,"Varón","Mujer") | Y27: =IFERROR(VLOOKUP(M27,Tablas_Equivalencia!$G$3:$H$6,2,FALSE),"Sin dato") | Z27: =IF(J27<=24,"18-24","25-29") | AA27: =IF(M27<>1,"",IF(P27=2,1,0)) | AB27: =IF(M27<>1,"",IF(O27>=2,1,0)) | AC27: =IF(M27<>1,"",IF(OR(Q27=999,Q27=""),"",IF(OR(Q27<35,Q27>48),1,0))) | AD27: =IF(COUNT(AA27:AC27)<3,"",SUM(AA27:AC27)) | AE27: =IF(L27>=4,2,IF(L27>=2,1,0)) | AF27: =IF(L27>=5,1,0) | AG27: =AE27+AF27 | AH27: =IF(M27<>1,"",IF(OR(R27=-9,R27=""),"",R27)) | AI27: =IF(M27<>1,"",IF(OR(Q27=999,Q27=""),"",Q27))
A28: TQRMNOP100153 | B28: 2025 | C28: 1 | D28: 1 | E28: S | F28: 33 | G28: 1430 | H28: 1 | I28: 2 | J28: 23 | K28: 2 | L28: 4 | M28: 1 | N28: 3 | O28: 1 | P28: 1 | Q28: 23 | R28: -9 | S28: 0 | T28: 0 | U28: 180300 | V28: =IFERROR(VLOOKUP(D28,Tablas_Equivalencia!$A$3:$B$8,2,FALSE),"Sin dato") | W28: =IFERROR(VLOOKUP(L28,Tablas_Equivalencia!$D$3:$E$9,2,FALSE),"Sin dato") | X28: =IF(I28=1,"Varón","Mujer") | Y28: =IFERROR(VLOOKUP(M28,Tablas_Equivalencia!$G$3:$H$6,2,FALSE),"Sin dato") | Z28: =IF(J28<=24,"18-24","25-29") | AA28: =IF(M28<>1,"",IF(P28=2,1,0)) | AB28: =IF(M28<>1,"",IF(O28>=2,1,0)) | AC28: =IF(M28<>1,"",IF(OR(Q28=999,Q28=""),"",IF(OR(Q28<35,Q28>48),1,0))) | AD28: =IF(COUNT(AA28:AC28)<3,"",SUM(AA28:AC28)) | AE28: =IF(L28>=4,2,IF(L28>=2,1,0)) | AF28: =IF(L28>=5,1,0) | AG28: =AE28+AF28 | AH28: =IF(M28<>1,"",IF(OR(R28=-9,R28=""),"",R28)) | AI28: =IF(M28<>1,"",IF(OR(Q28=999,Q28=""),"",Q28))
A29: TQRMNOP100155 | B29: 2025 | C29: 1 | D29: 1 | E29: S | F29: 33 | G29: 1001 | H29: 2 | I29: 2 | J29: 22 | K29: 1 | L29: 3 | M29: 1 | N29: 3 | O29: 1 | P29: 1 | Q29: 24 | R29: 615000 | S29: 0 | T29: 615000 | U29: 114100 | V29: =IFERROR(VLOOKUP(D29,Tablas_Equivalencia!$A$3:$B$8,2,FALSE),"Sin dato") | W29: =IFERROR(VLOOKUP(L29,Tablas_Equivalencia!$D$3:$E$9,2,FALSE),"Sin dato") | X29: =IF(I29=1,"Varón","Mujer") | Y29: =IFERROR(VLOOKUP(M29,Tablas_Equivalencia!$G$3:$H$6,2,FALSE),"Sin dato") | Z29: =IF(J29<=24,"18-24","25-29") | AA29: =IF(M29<>1,"",IF(P29=2,1,0)) | AB29: =IF(M29<>1,"",IF(O29>=2,1,0)) | AC29: =IF(M29<>1,"",IF(OR(Q29=999,Q29=""),"",IF(OR(Q29<35,Q29>48),1,0))) | AD29: =IF(COUNT(AA29:AC29)<3,"",SUM(AA29:AC29)) | AE29: =IF(L29>=4,2,IF(L29>=2,1,0)) | AF29: =IF(L29>=5,1,0) | AG29: =AE29+AF29 | AH29: =IF(M29<>1,"",IF(OR(R29=-9,R29=""),"",R29)) | AI29: =IF(M29<>1,"",IF(OR(Q29=999,Q29=""),"",Q29))
A30: TQRMNOP100157 | B30: 2025 | C30: 1 | D30: 40 | E30: N | F30: 23 | G30: 713 | H30: 3 | I30: 2 | J30: 19 | K30: 2 | L30: 4 | M30: 3 | R30: 0 | S30: 0 | T30: 0 | U30: 21100 | V30: =IFERROR(VLOOKUP(D30,Tablas_Equivalencia!$A$3:$B$8,2,FALSE),"Sin dato") | W30: =IFERROR(VLOOKUP(L30,Tablas_Equivalencia!$D$3:$E$9,2,FALSE),"Sin dato") | X30: =IF(I30=1,"Varón","Mujer") | Y30: =IFERROR(VLOOKUP(M30,Tablas_Equivalencia!$G$3:$H$6,2,FALSE),"Sin dato") | Z30: =IF(J30<=24,"18-24","25-29") | AA30: =IF(M30<>1,"",IF(P30=2,1,0)) | AB30: =IF(M30<>1,"",IF(O30>=2,1,0)) | AC30: =IF(M30<>1,"",IF(OR(Q30=999,Q30=""),"",IF(OR(Q30<35,Q30>48),1,0))) | AD30: =IF(COUNT(AA30:AC30)<3,"",SUM(AA30:AC30)) | AE30: =IF(L30>=4,2,IF(L30>=2,1,0)) | AF30: =IF(L30>=5,1,0) | AG30: =AE30+AF30 | AH30: =IF(M30<>1,"",IF(OR(R30=-9,R30=""),"",R30)) | AI30: =IF(M30<>1,"",IF(OR(Q30=999,Q30=""),"",Q30))
A31: TQRMNOP100158 | B31: 2025 | C31: 1 | D31: 1 | E31: S | F31: 33 | G31: 1597 | H31: 3 | I31: 2 | J31: 22 | K31: 1 | L31: 5 | M31: 3 | R31: 0 | S31: 0 | T31: 0 | U31: 99200 | V31: =IFERROR(VLOOKUP(D31,Tablas_Equivalencia!$A$3:$B$8,2,FALSE),"Sin dato") | W31: =IFERROR(VLOOKUP(L31,Tablas_Equivalencia!$D$3:$E$9,2,FALSE),"Sin dato") | X31: =IF(I31=1,"Varón","Mujer") | Y31: =IFERROR(VLOOKUP(M31,Tablas_Equivalencia!$G$3:$H$6,2,FALSE),"Sin dato") | Z31: =IF(J31<=24,"18-24","25-29") | AA31: =IF(M31<>1,"",IF(P31=2,1,0)) | AB31: =IF(M31<>1,"",IF(O31>=2,1,0)) | AC31: =IF(M31<>1,"",IF(OR(Q31=999,Q31=""),"",IF(OR(Q31<35,Q31>48),1,0))) | AD31: =IF(COUNT(AA31:AC31)<3,"",SUM(AA31:AC31)) | AE31: =IF(L31>=4,2,IF(L31>=2,1,0)) | AF31: =IF(L31>=5,1,0) | AG31: =AE31+AF31 | AH31: =IF(M31<>1,"",IF(OR(R31=-9,R31=""),"",R31)) | AI31: =IF(M31<>1,"",IF(OR(Q31=999,Q31=""),"",Q31))
A32: TQRMNOP100159 | B32: 2025 | C32: 1 | D32: 43 | E32: S | F32: 19 | G32: 615 | H32: 1 | I32: 1 | J32: 23 | K32: 2 | L32: 6 | M32: 1 | N32: 3 | O32: 2 | P32: 2 | Q32: 39 | R32: 880000 | S32: 0 | T32: 880000 | U32: 106200 | V32: =IFERROR(VLOOKUP(D32,Tablas_Equivalencia!$A$3:$B$8,2,FALSE),"Sin dato") | W32: =IFERROR(VLOOKUP(L32,Tablas_Equivalencia!$D$3:$E$9,2,FALSE),"Sin dato") | X32: =IF(I32=1,"Varón","Mujer") | Y32: =IFERROR(VLOOKUP(M32,Tablas_Equivalencia!$G$3:$H$6,2,FALSE),"Sin dato") | Z32: =IF(J32<=24,"18-24","25-29") | AA32: =IF(M32<>1,"",IF(P32=2,1,0)) | AB32: =IF(M32<>1,"",IF(O32>=2,1,0)) | AC32: =IF(M32<>1,"",IF(OR(Q32=999,Q32=""),"",IF(OR(Q32<35,Q32>48),1,0))) | AD32: =IF(COUNT(AA32:AC32)<3,"",SUM(AA32:AC32)) | AE32: =IF(L32>=4,2,IF(L32>=2,1,0)) | AF32: =IF(L32>=5,1,0) | AG32: =AE32+AF32 | AH32: =IF(M32<>1,"",IF(OR(R32=-9,R32=""),"",R32)) | AI32: =IF(M32<>1,"",IF(OR(Q32=999,Q32=""),"",Q32))
A33: TQRMNOP100165 | B33: 2025 | C33: 1 | D33: 1 | E33: S | F33: 32 | G33: 2127 | H33: 3 | I33: 2 | J33: 21 | K33: 1 | L33: 4 | M33: 1 | N33: 2 | O33: 2 | P33: 2 | Q33: 11 | R33: 177000 | S33: 63000 | T33: 240000 | U33: 132300 | V33: =IFERROR(VLOOKUP(D33,Tablas_Equivalencia!$A$3:$B$8,2,FALSE),"Sin dato") | W33: =IFERROR(VLOOKUP(L33,Tablas_Equivalencia!$D$3:$E$9,2,FALSE),"Sin dato") | X33: =IF(I33=1,"Varón","Mujer") | Y33: =IFERROR(VLOOKUP(M33,Tablas_Equivalencia!$G$3:$H$6,2,FALSE),"Sin dato") | Z33: =IF(J33<=24,"18-24","25-29") | AA33: =IF(M33<>1,"",IF(P33=2,1,0)) | AB33: =IF(M33<>1,"",IF(O33>=2,1,0)) | AC33: =IF(M33<>1,"",IF(OR(Q33=999,Q33=""),"",IF(OR(Q33<35,Q33>48),1,0))) | AD33: =IF(COUNT(AA33:AC33)<3,"",SUM(AA33:AC33)) | AE33: =IF(L33>=4,2,IF(L33>=2,1,0)) | AF33: =IF(L33>=5,1,0) | AG33: =AE33+AF33 | AH33: =IF(M33<>1,"",IF(OR(R33=-9,R33=""),"",R33)) | AI33: =IF(M33<>1,"",IF(OR(Q33=999,Q33=""),"",Q33))
A34: TQRMNOP100169 | B34: 2025 | C34: 1 | D34: 41 | E34: S | F34: 8 | G34: 1124 | H34: 3 | I34: 2 | J34: 28 | K34: 1 | L34: 5 | M34: 1 | N34: 1 | O34: 1 | P34: 1 | Q34: 28 | R34: -9 | S34: 0 | T34: 0 | U34: 192700 | V34: =IFERROR(VLOOKUP(D34,Tablas_Equivalencia!$A$3:$B$8,2,FALSE),"Sin dato") | W34: =IFERROR(VLOOKUP(L34,Tablas_Equivalencia!$D$3:$E$9,2,FALSE),"Sin dato") | X34: =IF(I34=1,"Varón","Mujer") | Y34: =IFERROR(VLOOKUP(M34,Tablas_Equivalencia!$G$3:$H$6,2,FALSE),"Sin dato") | Z34: =IF(J34<=24,"18-24","25-29") | AA34: =IF(M34<>1,"",IF(P34=2,1,0)) | AB34: =IF(M34<>1,"",IF(O34>=2,1,0)) | AC34: =IF(M34<>1,"",IF(OR(Q34=999,Q34=""),"",IF(OR(Q34<35,Q34>48),1,0))) | AD34: =IF(COUNT(AA34:AC34)<3,"",SUM(AA34:AC34)) | AE34: =IF(L34>=4,2,IF(L34>=2,1,0)) | AF34: =IF(L34>=5,1,0) | AG34: =AE34+AF34 | AH34: =IF(M34<>1,"",IF(OR(R34=-9,R34=""),"",R34)) | AI34: =IF(M34<>1,"",IF(OR(Q34=999,Q34=""),"",Q34))
A35: TQRMNOP100171 | B35: 2025 | C35: 1 | D35: 40 | E35: N | F35: 9 | G35: 672 | H35: 3 | I35: 2 | J35: 29 | K35: 1 | L35: 5 | M35: 3 | R35: 0 | S35: 0 | T35: 0 | U35: 236100 | V35: =IFERROR(VLOOKUP(D35,Tablas_Equivalencia!$A$3:$B$8,2,FALSE),"Sin dato") | W35: =IFERROR(VLOOKUP(L35,Tablas_Equivalencia!$D$3:$E$9,2,FALSE),"Sin dato") | X35: =IF(I35=1,"Varón","Mujer") | Y35: =IFERROR(VLOOKUP(M35,Tablas_Equivalencia!$G$3:$H$6,2,FALSE),"Sin dato") | Z35: =IF(J35<=24,"18-24","25-29") | AA35: =IF(M35<>1,"",IF(P35=2,1,0)) | AB35: =IF(M35<>1,"",IF(O35>=2,1,0)) | AC35: =IF(M35<>1,"",IF(OR(Q35=999,Q35=""),"",IF(OR(Q35<35,Q35>48),1,0))) | AD35: =IF(COUNT(AA35:AC35)<3,"",SUM(AA35:AC35)) | AE35: =IF(L35>=4,2,IF(L35>=2,1,0)) | AF35: =IF(L35>=5,1,0) | AG35: =AE35+AF35 | AH35: =IF(M35<>1,"",IF(OR(R35=-9,R35=""),"",R35)) | AI35: =IF(M35<>1,"",IF(OR(Q35=999,Q35=""),"",Q35))
A36: TQRMNOP100180 | B36: 2025 | C36: 1 | D36: 43 | E36: N | F36: 38 | G36: 1114 | H36: 1 | I36: 1 | J36: 21 | K36: 1 | L36: 3 | M36: 3 | R36: 0 | S36: 0 | T36: 0 | U36: 109800 | V36: =IFERROR(VLOOKUP(D36,Tablas_Equivalencia!$A$3:$B$8,2,FALSE),"Sin dato") | W36: =IFERROR(VLOOKUP(L36,Tablas_Equivalencia!$D$3:$E$9,2,FALSE),"Sin dato") | X36: =IF(I36=1,"Varón","Mujer") | Y36: =IFERROR(VLOOKUP(M36,Tablas_Equivalencia!$G$3:$H$6,2,FALSE),"Sin dato") | Z36: =IF(J36<=24,"18-24","25-29") | AA36: =IF(M36<>1,"",IF(P36=2,1,0)) | AB36: =IF(M36<>1,"",IF(O36>=2,1,0)) | AC36: =IF(M36<>1,"",IF(OR(Q36=999,Q36=""),"",IF(OR(Q36<35,Q36>48),1,0))) | AD36: =IF(COUNT(AA36:AC36)<3,"",SUM(AA36:AC36)) | AE36: =IF(L36>=4,2,IF(L36>=2,1,0)) | AF36: =IF(L36>=5,1,0) | AG36: =AE36+AF36 | AH36: =IF(M36<>1,"",IF(OR(R36=-9,R36=""),"",R36)) | AI36: =IF(M36<>1,"",IF(OR(Q36=999,Q36=""),"",Q36))
A37: TQRMNOP100183 | B37: 2025 | C37: 1 | D37: 44 | E37: N | F37: 2 | G37: 386 | H37: 1 | I37: 1 | J37: 23 | K37: 1 | L37: 3 | M37: 1 | N37: 2 | O37: 2 | P37: 2 | Q37: 33 | R37: 362000 | S37: 0 | T37: 362000 | U37: 321200 | V37: =IFERROR(VLOOKUP(D37,Tablas_Equivalencia!$A$3:$B$8,2,FALSE),"Sin dato") | W37: =IFERROR(VLOOKUP(L37,Tablas_Equivalencia!$D$3:$E$9,2,FALSE),"Sin dato") | X37: =IF(I37=1,"Varón","Mujer") | Y37: =IFERROR(VLOOKUP(M37,Tablas_Equivalencia!$G$3:$H$6,2,FALSE),"Sin dato") | Z37: =IF(J37<=24,"18-24","25-29") | AA37: =IF(M37<>1,"",IF(P37=2,1,0)) | AB37: =IF(M37<>1,"",IF(O37>=2,1,0)) | AC37: =IF(M37<>1,"",IF(OR(Q37=999,Q37=""),"",IF(OR(Q37<35,Q37>48),1,0))) | AD37: =IF(COUNT(AA37:AC37)<3,"",SUM(AA37:AC37)) | AE37: =IF(L37>=4,2,IF(L37>=2,1,0)) | AF37: =IF(L37>=5,1,0) | AG37: =AE37+AF37 | AH37: =IF(M37<>1,"",IF(OR(R37=-9,R37=""),"",R37)) | AI37: =IF(M37<>1,"",IF(OR(Q37=999,Q37=""),"",Q37))
A38: TQRMNOP100188 | B38: 2025 | C38: 1 | D38: 42 | E38: N | F38: 25 | G38: 1392 | H38: 3 | I38: 2 | J38: 23 | K38: 2 | L38: 6 | M38: 3 | R38: 0 | S38: 0 | T38: 0 | U38: 204600 | V38: =IFERROR(VLOOKUP(D38,Tablas_Equivalencia!$A$3:$B$8,2,FALSE),"Sin dato") | W38: =IFERROR(VLOOKUP(L38,Tablas_Equivalencia!$D$3:$E$9,2,FALSE),"Sin dato") | X38: =IF(I38=1,"Varón","Mujer") | Y38: =IFERROR(VLOOKUP(M38,Tablas_Equivalencia!$G$3:$H$6,2,FALSE),"Sin dato") | Z38: =IF(J38<=24,"18-24","25-29") | AA38: =IF(M38<>1,"",IF(P38=2,1,0)) | AB38: =IF(M38<>1,"",IF(O38>=2,1,0)) | AC38: =IF(M38<>1,"",IF(OR(Q38=999,Q38=""),"",IF(OR(Q38<35,Q38>48),1,0))) | AD38: =IF(COUNT(AA38:AC38)<3,"",SUM(AA38:AC38)) | AE38: =IF(L38>=4,2,IF(L38>=2,1,0)) | AF38: =IF(L38>=5,1,0) | AG38: =AE38+AF38 | AH38: =IF(M38<>1,"",IF(OR(R38=-9,R38=""),"",R38)) | AI38: =IF(M38<>1,"",IF(OR(Q38=999,Q38=""),"",Q38))
A39: TQRMNOP100189 | B39: 2025 | C39: 1 | D39: 40 | E39: S | F39: 7 | G39: 1839 | H39: 1 | I39: 1 | J39: 18 | K39: 1 | L39: 5 | M39: 1 | N39: 2 | O39: 2 | P39: 2 | Q39: 38 | R39: -9 | S39: 0 | T39: 0 | U39: 82400 | V39: =IFERROR(VLOOKUP(D39,Tablas_Equivalencia!$A$3:$B$8,2,FALSE),"Sin dato") | W39: =IFERROR(VLOOKUP(L39,Tablas_Equivalencia!$D$3:$E$9,2,FALSE),"Sin dato") | X39: =IF(I39=1,"Varón","Mujer") | Y39: =IFERROR(VLOOKUP(M39,Tablas_Equivalencia!$G$3:$H$6,2,FALSE),"Sin dato") | Z39: =IF(J39<=24,"18-24","25-29") | AA39: =IF(M39<>1,"",IF(P39=2,1,0)) | AB39: =IF(M39<>1,"",IF(O39>=2,1,0)) | AC39: =IF(M39<>1,"",IF(OR(Q39=999,Q39=""),"",IF(OR(Q39<35,Q39>48),1,0))) | AD39: =IF(COUNT(AA39:AC39)<3,"",SUM(AA39:AC39)) | AE39: =IF(L39>=4,2,IF(L39>=2,1,0)) | AF39: =IF(L39>=5,1,0) | AG39: =AE39+AF39 | AH39: =IF(M39<>1,"",IF(OR(R39=-9,R39=""),"",R39)) | AI39: =IF(M39<>1,"",IF(OR(Q39=999,Q39=""),"",Q39))
A40: TQRMNOP100219 | B40: 2025 | C40: 1 | D40: 1 | E40: S | F40: 33 | G40: 1244 | H40: 3 | I40: 1 | J40: 23 | K40: 2 | L40: 4 | M40: 2 | R40: 0 | S40: 0 | T40: 0 | U40: 68900 | V40: =IFERROR(VLOOKUP(D40,Tablas_Equivalencia!$A$3:$B$8,2,FALSE),"Sin dato") | W40: =IFERROR(VLOOKUP(L40,Tablas_Equivalencia!$D$3:$E$9,2,FALSE),"Sin dato") | X40: =IF(I40=1,"Varón","Mujer") | Y40: =IFERROR(VLOOKUP(M40,Tablas_Equivalencia!$G$3:$H$6,2,FALSE),"Sin dato") | Z40: =IF(J40<=24,"18-24","25-29") | AA40: =IF(M40<>1,"",IF(P40=2,1,0)) | AB40: =IF(M40<>1,"",IF(O40>=2,1,0)) | AC40: =IF(M40<>1,"",IF(OR(Q40=999,Q40=""),"",IF(OR(Q40<35,Q40>48),1,0))) | AD40: =IF(COUNT(AA40:AC40)<3,"",SUM(AA40:AC40)) | AE40: =IF(L40>=4,2,IF(L40>=2,1,0)) | AF40: =IF(L40>=5,1,0) | AG40: =AE40+AF40 | AH40: =IF(M40<>1,"",IF(OR(R40=-9,R40=""),"",R40)) | AI40: =IF(M40<>1,"",IF(OR(Q40=999,Q40=""),"",Q40))
A41: TQRMNOP100224 | B41: 2025 | C41: 1 | D41: 40 | E41: N | F41: 23 | G41: 1751 | H41: 3 | I41: 2 | J41: 26 | K41: 2 | L41: 2 | M41: 1 | N41: 2 | O41: 2 | P41: 2 | Q41: 21 | R41: 178000 | S41: 101000 | T41: 279000 | U41: 150700 | V41: =IFERROR(VLOOKUP(D41,Tablas_Equivalencia!$A$3:$B$8,2,FALSE),"Sin dato") | W41: =IFERROR(VLOOKUP(L41,Tablas_Equivalencia!$D$3:$E$9,2,FALSE),"Sin dato") | X41: =IF(I41=1,"Varón","Mujer") | Y41: =IFERROR(VLOOKUP(M41,Tablas_Equivalencia!$G$3:$H$6,2,FALSE),"Sin dato") | Z41: =IF(J41<=24,"18-24","25-29") | AA41: =IF(M41<>1,"",IF(P41=2,1,0)) | AB41: =IF(M41<>1,"",IF(O41>=2,1,0)) | AC41: =IF(M41<>1,"",IF(OR(Q41=999,Q41=""),"",IF(OR(Q41<35,Q41>48),1,0))) | AD41: =IF(COUNT(AA41:AC41)<3,"",SUM(AA41:AC41)) | AE41: =IF(L41>=4,2,IF(L41>=2,1,0)) | AF41: =IF(L41>=5,1,0) | AG41: =AE41+AF41 | AH41: =IF(M41<>1,"",IF(OR(R41=-9,R41=""),"",R41)) | AI41: =IF(M41<>1,"",IF(OR(Q41=999,Q41=""),"",Q41))
A42: TQRMNOP100225 | B42: 2025 | C42: 1 | D42: 40 | E42: N | F42: 9 | G42: 765 | H42: 1 | I42: 2 | J42: 23 | K42: 2 | L42: 1 | M42: 1 | N42: 3 | O42: 2 | P42: 2 | Q42: 29 | R42: 119000 | S42: 0 | T42: 119000 | U42: 218000 | V42: =IFERROR(VLOOKUP(D42,Tablas_Equivalencia!$A$3:$B$8,2,FALSE),"Sin dato") | W42: =IFERROR(VLOOKUP(L42,Tablas_Equivalencia!$D$3:$E$9,2,FALSE),"Sin dato") | X42: =IF(I42=1,"Varón","Mujer") | Y42: =IFERROR(VLOOKUP(M42,Tablas_Equivalencia!$G$3:$H$6,2,FALSE),"Sin dato") | Z42: =IF(J42<=24,"18-24","25-29") | AA42: =IF(M42<>1,"",IF(P42=2,1,0)) | AB42: =IF(M42<>1,"",IF(O42>=2,1,0)) | AC42: =IF(M42<>1,"",IF(OR(Q42=999,Q42=""),"",IF(OR(Q42<35,Q42>48),1,0))) | AD42: =IF(COUNT(AA42:AC42)<3,"",SUM(AA42:AC42)) | AE42: =IF(L42>=4,2,IF(L42>=2,1,0)) | AF42: =IF(L42>=5,1,0) | AG42: =AE42+AF42 | AH42: =IF(M42<>1,"",IF(OR(R42=-9,R42=""),"",R42)) | AI42: =IF(M42<>1,"",IF(OR(Q42=999,Q42=""),"",Q42))
A43: TQRMNOP100232 | B43: 2025 | C43: 1 | D43: 43 | E43: N | F43: 26 | G43: 1125 | H43: 3 | I43: 1 | J43: 22 | K43: 2 | L43: 4 | M43: 3 | R43: 0 | S43: 0 | T43: 0 | U43: 91700 | V43: =IFERROR(VLOOKUP(D43,Tablas_Equivalencia!$A$3:$B$8,2,FALSE),"Sin dato") | W43: =IFERROR(VLOOKUP(L43,Tablas_Equivalencia!$D$3:$E$9,2,FALSE),"Sin dato") | X43: =IF(I43=1,"Varón","Mujer") | Y43: =IFERROR(VLOOKUP(M43,Tablas_Equivalencia!$G$3:$H$6,2,FALSE),"Sin dato") | Z43: =IF(J43<=24,"18-24","25-29") | AA43: =IF(M43<>1,"",IF(P43=2,1,0)) | AB43: =IF(M43<>1,"",IF(O43>=2,1,0)) | AC43: =IF(M43<>1,"",IF(OR(Q43=999,Q43=""),"",IF(OR(Q43<35,Q43>48),1,0))) | AD43: =IF(COUNT(AA43:AC43)<3,"",SUM(AA43:AC43)) | AE43: =IF(L43>=4,2,IF(L43>=2,1,0)) | AF43: =IF(L43>=5,1,0) | AG43: =AE43+AF43 | AH43: =IF(M43<>1,"",IF(OR(R43=-9,R43=""),"",R43)) | AI43: =IF(M43<>1,"",IF(OR(Q43=999,Q43=""),"",Q43))
A44: TQRMNOP100233 | B44: 2025 | C44: 1 | D44: 41 | E44: N | F44: 12 | G44: 1819 | H44: 3 | I44: 1 | J44: 29 | K44: 2 | L44: 3 | M44: 3 | R44: 0 | S44: 0 | T44: 0 | U44: 419100 | V44: =IFERROR(VLOOKUP(D44,Tablas_Equivalencia!$A$3:$B$8,2,FALSE),"Sin dato") | W44: =IFERROR(VLOOKUP(L44,Tablas_Equivalencia!$D$3:$E$9,2,FALSE),"Sin dato") | X44: =IF(I44=1,"Varón","Mujer") | Y44: =IFERROR(VLOOKUP(M44,Tablas_Equivalencia!$G$3:$H$6,2,FALSE),"Sin dato") | Z44: =IF(J44<=24,"18-24","25-29") | AA44: =IF(M44<>1,"",IF(P44=2,1,0)) | AB44: =IF(M44<>1,"",IF(O44>=2,1,0)) | AC44: =IF(M44<>1,"",IF(OR(Q44=999,Q44=""),"",IF(OR(Q44<35,Q44>48),1,0))) | AD44: =IF(COUNT(AA44:AC44)<3,"",SUM(AA44:AC44)) | AE44: =IF(L44>=4,2,IF(L44>=2,1,0)) | AF44: =IF(L44>=5,1,0) | AG44: =AE44+AF44 | AH44: =IF(M44<>1,"",IF(OR(R44=-9,R44=""),"",R44)) | AI44: =IF(M44<>1,"",IF(OR(Q44=999,Q44=""),"",Q44))
A45: TQRMNOP100246 | B45: 2025 | C45: 1 | D45: 41 | E45: N | F45: 12 | G45: 784 | H45: 1 | I45: 1 | J45: 19 | K45: 2 | L45: 3 | M45: 2 | R45: 0 | S45: 0 | T45: 0 | U45: 125200 | V45: =IFERROR(VLOOKUP(D45,Tablas_Equivalencia!$A$3:$B$8,2,FALSE),"Sin dato") | W45: =IFERROR(VLOOKUP(L45,Tablas_Equivalencia!$D$3:$E$9,2,FALSE),"Sin dato") | X45: =IF(I45=1,"Varón","Mujer") | Y45: =IFERROR(VLOOKUP(M45,Tablas_Equivalencia!$G$3:$H$6,2,FALSE),"Sin dato") | Z45: =IF(J45<=24,"18-24","25-29") | AA45: =IF(M45<>1,"",IF(P45=2,1,0)) | AB45: =IF(M45<>1,"",IF(O45>=2,1,0)) | AC45: =IF(M45<>1,"",IF(OR(Q45=999,Q45=""),"",IF(OR(Q45<35,Q45>48),1,0))) | AD45: =IF(COUNT(AA45:AC45)<3,"",SUM(AA45:AC45)) | AE45: =IF(L45>=4,2,IF(L45>=2,1,0)) | AF45: =IF(L45>=5,1,0) | AG45: =AE45+AF45 | AH45: =IF(M45<>1,"",IF(OR(R45=-9,R45=""),"",R45)) | AI45: =IF(M45<>1,"",IF(OR(Q45=999,Q45=""),"",Q45))
A46: TQRMNOP100247 | B46: 2025 | C46: 1 | D46: 1 | E46: S | F46: 33 | G46: 645 | H46: 3 | I46: 2 | J46: 29 | K46: 1 | L46: 4 | M46: 1 | N46: 3 | O46: 3 | P46: 2 | Q46: 27 | R46: 279000 | S46: 56000 | T46: 335000 | U46: 754600 | V46: =IFERROR(VLOOKUP(D46,Tablas_Equivalencia!$A$3:$B$8,2,FALSE),"Sin dato") | W46: =IFERROR(VLOOKUP(L46,Tablas_Equivalencia!$D$3:$E$9,2,FALSE),"Sin dato") | X46: =IF(I46=1,"Varón","Mujer") | Y46: =IFERROR(VLOOKUP(M46,Tablas_Equivalencia!$G$3:$H$6,2,FALSE),"Sin dato") | Z46: =IF(J46<=24,"18-24","25-29") | AA46: =IF(M46<>1,"",IF(P46=2,1,0)) | AB46: =IF(M46<>1,"",IF(O46>=2,1,0)) | AC46: =IF(M46<>1,"",IF(OR(Q46=999,Q46=""),"",IF(OR(Q46<35,Q46>48),1,0))) | AD46: =IF(COUNT(AA46:AC46)<3,"",SUM(AA46:AC46)) | AE46: =IF(L46>=4,2,IF(L46>=2,1,0)) | AF46: =IF(L46>=5,1,0) | AG46: =AE46+AF46 | AH46: =IF(M46<>1,"",IF(OR(R46=-9,R46=""),"",R46)) | AI46: =IF(M46<>1,"",IF(OR(Q46=999,Q46=""),"",Q46))
A47: TQRMNOP100257 | B47: 2025 | C47: 1 | D47: 44 | E47: N | F47: 2 | G47: 693 | H47: 3 | I47: 1 | J47: 25 | K47: 1 | L47: 3 | M47: 1 | N47: 2 | O47: 3 | P47: 2 | Q47: 49 | R47: 612000 | S47: 0 | T47: 612000 | U47: 184000 | V47: =IFERROR(VLOOKUP(D47,Tablas_Equivalencia!$A$3:$B$8,2,FALSE),"Sin dato") | W47: =IFERROR(VLOOKUP(L47,Tablas_Equivalencia!$D$3:$E$9,2,FALSE),"Sin dato") | X47: =IF(I47=1,"Varón","Mujer") | Y47: =IFERROR(VLOOKUP(M47,Tablas_Equivalencia!$G$3:$H$6,2,FALSE),"Sin dato") | Z47: =IF(J47<=24,"18-24","25-29") | AA47: =IF(M47<>1,"",IF(P47=2,1,0)) | AB47: =IF(M47<>1,"",IF(O47>=2,1,0)) | AC47: =IF(M47<>1,"",IF(OR(Q47=999,Q47=""),"",IF(OR(Q47<35,Q47>48),1,0))) | AD47: =IF(COUNT(AA47:AC47)<3,"",SUM(AA47:AC47)) | AE47: =IF(L47>=4,2,IF(L47>=2,1,0)) | AF47: =IF(L47>=5,1,0) | AG47: =AE47+AF47 | AH47: =IF(M47<>1,"",IF(OR(R47=-9,R47=""),"",R47)) | AI47: =IF(M47<>1,"",IF(OR(Q47=999,Q47=""),"",Q47))
A48: TQRMNOP100263 | B48: 2025 | C48: 1 | D48: 43 | E48: S | F48: 19 | G48: 1510 | H48: 1 | I48: 2 | J48: 27 | K48: 2 | L48: 4 | M48: 1 | N48: 3 | O48: 2 | P48: 2 | Q48: 18 | R48: 383000 | S48: 0 | T48: 383000 | U48: 50100 | V48: =IFERROR(VLOOKUP(D48,Tablas_Equivalencia!$A$3:$B$8,2,FALSE),"Sin dato") | W48: =IFERROR(VLOOKUP(L48,Tablas_Equivalencia!$D$3:$E$9,2,FALSE),"Sin dato") | X48: =IF(I48=1,"Varón","Mujer") | Y48: =IFERROR(VLOOKUP(M48,Tablas_Equivalencia!$G$3:$H$6,2,FALSE),"Sin dato") | Z48: =IF(J48<=24,"18-24","25-29") | AA48: =IF(M48<>1,"",IF(P48=2,1,0)) | AB48: =IF(M48<>1,"",IF(O48>=2,1,0)) | AC48: =IF(M48<>1,"",IF(OR(Q48=999,Q48=""),"",IF(OR(Q48<35,Q48>48),1,0))) | AD48: =IF(COUNT(AA48:AC48)<3,"",SUM(AA48:AC48)) | AE48: =IF(L48>=4,2,IF(L48>=2,1,0)) | AF48: =IF(L48>=5,1,0) | AG48: =AE48+AF48 | AH48: =IF(M48<>1,"",IF(OR(R48=-9,R48=""),"",R48)) | AI48: =IF(M48<>1,"",IF(OR(Q48=999,Q48=""),"",Q48))
A49: TQRMNOP100268 | B49: 2025 | C49: 1 | D49: 43 | E49: S | F49: 17 | G49: 1305 | H49: 3 | I49: 2 | J49: 26 | K49: 1 | L49: 3 | M49: 3 | R49: 0 | S49: 0 | T49: 0 | U49: 239600 | V49: =IFERROR(VLOOKUP(D49,Tablas_Equivalencia!$A$3:$B$8,2,FALSE),"Sin dato") | W49: =IFERROR(VLOOKUP(L49,Tablas_Equivalencia!$D$3:$E$9,2,FALSE),"Sin dato") | X49: =IF(I49=1,"Varón","Mujer") | Y49: =IFERROR(VLOOKUP(M49,Tablas_Equivalencia!$G$3:$H$6,2,FALSE),"Sin dato") | Z49: =IF(J49<=24,"18-24","25-29") | AA49: =IF(M49<>1,"",IF(P49=2,1,0)) | AB49: =IF(M49<>1,"",IF(O49>=2,1,0)) | AC49: =IF(M49<>1,"",IF(OR(Q49=999,Q49=""),"",IF(OR(Q49<35,Q49>48),1,0))) | AD49: =IF(COUNT(AA49:AC49)<3,"",SUM(AA49:AC49)) | AE49: =IF(L49>=4,2,IF(L49>=2,1,0)) | AF49: =IF(L49>=5,1,0) | AG49: =AE49+AF49 | AH49: =IF(M49<>1,"",IF(OR(R49=-9,R49=""),"",R49)) | AI49: =IF(M49<>1,"",IF(OR(Q49=999,Q49=""),"",Q49))
A50: TQRMNOP100273 | B50: 2025 | C50: 1 | D50: 43 | E50: S | F50: 20 | G50: 1060 | H50: 1 | I50: 1 | J50: 28 | K50: 2 | L50: 5 | M50: 1 | N50: 2 | O50: 1 | P50: 1 | Q50: 32 | R50: 797000 | S50: 0 | T50: 797000 | U50: 301000 | V50: =IFERROR(VLOOKUP(D50,Tablas_Equivalencia!$A$3:$B$8,2,FALSE),"Sin dato") | W50: =IFERROR(VLOOKUP(L50,Tablas_Equivalencia!$D$3:$E$9,2,FALSE),"Sin dato") | X50: =IF(I50=1,"Varón","Mujer") | Y50: =IFERROR(VLOOKUP(M50,Tablas_Equivalencia!$G$3:$H$6,2,FALSE),"Sin dato") | Z50: =IF(J50<=24,"18-24","25-29") | AA50: =IF(M50<>1,"",IF(P50=2,1,0)) | AB50: =IF(M50<>1,"",IF(O50>=2,1,0)) | AC50: =IF(M50<>1,"",IF(OR(Q50=999,Q50=""),"",IF(OR(Q50<35,Q50>48),1,0))) | AD50: =IF(COUNT(AA50:AC50)<3,"",SUM(AA50:AC50)) | AE50: =IF(L50>=4,2,IF(L50>=2,1,0)) | AF50: =IF(L50>=5,1,0) | AG50: =AE50+AF50 | AH50: =IF(M50<>1,"",IF(OR(R50=-9,R50=""),"",R50)) | AI50: =IF(M50<>1,"",IF(OR(Q50=999,Q50=""),"",Q50))
A51: TQRMNOP100281 | B51: 2025 | C51: 1 | D51: 1 | E51: S | F51: 32 | G51: 1928 | H51: 3 | I51: 1 | J51: 20 | K51: 2 | L51: 3 | M51: 1 | N51: 4 | O51: 2 | P51: 2 | Q51: 21 | R51: 183000 | S51: 0 | T51: 183000 | U51: 135900 | V51: =IFERROR(VLOOKUP(D51,Tablas_Equivalencia!$A$3:$B$8,2,FALSE),"Sin dato") | W51: =IFERROR(VLOOKUP(L51,Tablas_Equivalencia!$D$3:$E$9,2,FALSE),"Sin dato") | X51: =IF(I51=1,"Varón","Mujer") | Y51: =IFERROR(VLOOKUP(M51,Tablas_Equivalencia!$G$3:$H$6,2,FALSE),"Sin dato") | Z51: =IF(J51<=24,"18-24","25-29") | AA51: =IF(M51<>1,"",IF(P51=2,1,0)) | AB51: =IF(M51<>1,"",IF(O51>=2,1,0)) | AC51: =IF(M51<>1,"",IF(OR(Q51=999,Q51=""),"",IF(OR(Q51<35,Q51>48),1,0))) | AD51: =IF(COUNT(AA51:AC51)<3,"",SUM(AA51:AC51)) | AE51: =IF(L51>=4,2,IF(L51>=2,1,0)) | AF51: =IF(L51>=5,1,0) | AG51: =AE51+AF51 | AH51: =IF(M51<>1,"",IF(OR(R51=-9,R51=""),"",R51)) | AI51: =IF(M51<>1,"",IF(OR(Q51=999,Q51=""),"",Q51))
A52: TQRMNOP100282 | B52: 2025 | C52: 1 | D52: 1 | E52: S | F52: 33 | G52: 1295 | H52: 1 | I52: 2 | J52: 24 | K52: 2 | L52: 2 | M52: 3 | R52: 0 | S52: 0 | T52: 0 | U52: 169800 | V52: =IFERROR(VLOOKUP(D52,Tablas_Equivalencia!$A$3:$B$8,2,FALSE),"Sin dato") | W52: =IFERROR(VLOOKUP(L52,Tablas_Equivalencia!$D$3:$E$9,2,FALSE),"Sin dato") | X52: =IF(I52=1,"Varón","Mujer") | Y52: =IFERROR(VLOOKUP(M52,Tablas_Equivalencia!$G$3:$H$6,2,FALSE),"Sin dato") | Z52: =IF(J52<=24,"18-24","25-29") | AA52: =IF(M52<>1,"",IF(P52=2,1,0)) | AB52: =IF(M52<>1,"",IF(O52>=2,1,0)) | AC52: =IF(M52<>1,"",IF(OR(Q52=999,Q52=""),"",IF(OR(Q52<35,Q52>48),1,0))) | AD52: =IF(COUNT(AA52:AC52)<3,"",SUM(AA52:AC52)) | AE52: =IF(L52>=4,2,IF(L52>=2,1,0)) | AF52: =IF(L52>=5,1,0) | AG52: =AE52+AF52 | AH52: =IF(M52<>1,"",IF(OR(R52=-9,R52=""),"",R52)) | AI52: =IF(M52<>1,"",IF(OR(Q52=999,Q52=""),"",Q52))
A53: TQRMNOP100287 | B53: 2025 | C53: 1 | D53: 44 | E53: N | F53: 6 | G53: 1759 | H53: 1 | I53: 2 | J53: 21 | K53: 2 | L53: 3 | M53: 3 | R53: 0 | S53: 36000 | T53: 36000 | U53: 137300 | V53: =IFERROR(VLOOKUP(D53,Tablas_Equivalencia!$A$3:$B$8,2,FALSE),"Sin dato") | W53: =IFERROR(VLOOKUP(L53,Tablas_Equivalencia!$D$3:$E$9,2,FALSE),"Sin dato") | X53: =IF(I53=1,"Varón","Mujer") | Y53: =IFERROR(VLOOKUP(M53,Tablas_Equivalencia!$G$3:$H$6,2,FALSE),"Sin dato") | Z53: =IF(J53<=24,"18-24","25-29") | AA53: =IF(M53<>1,"",IF(P53=2,1,0)) | AB53: =IF(M53<>1,"",IF(O53>=2,1,0)) | AC53: =IF(M53<>1,"",IF(OR(Q53=999,Q53=""),"",IF(OR(Q53<35,Q53>48),1,0))) | AD53: =IF(COUNT(AA53:AC53)<3,"",SUM(AA53:AC53)) | AE53: =IF(L53>=4,2,IF(L53>=2,1,0)) | AF53: =IF(L53>=5,1,0) | AG53: =AE53+AF53 | AH53: =IF(M53<>1,"",IF(OR(R53=-9,R53=""),"",R53)) | AI53: =IF(M53<>1,"",IF(OR(Q53=999,Q53=""),"",Q53))
A54: TQRMNOP100288 | B54: 2025 | C54: 1 | D54: 41 | E54: S | F54: 8 | G54: 1024 | H54: 3 | I54: 2 | J54: 20 | K54: 2 | L54: 4 | M54: 1 | N54: 3 | O54: 1 | P54: 1 | Q54: 34 | R54: 112000 | S54: 0 | T54: 112000 | U54: 84600 | V54: =IFERROR(VLOOKUP(D54,Tablas_Equivalencia!$A$3:$B$8,2,FALSE),"Sin dato") | W54: =IFERROR(VLOOKUP(L54,Tablas_Equivalencia!$D$3:$E$9,2,FALSE),"Sin dato") | X54: =IF(I54=1,"Varón","Mujer") | Y54: =IFERROR(VLOOKUP(M54,Tablas_Equivalencia!$G$3:$H$6,2,FALSE),"Sin dato") | Z54: =IF(J54<=24,"18-24","25-29") | AA54: =IF(M54<>1,"",IF(P54=2,1,0)) | AB54: =IF(M54<>1,"",IF(O54>=2,1,0)) | AC54: =IF(M54<>1,"",IF(OR(Q54=999,Q54=""),"",IF(OR(Q54<35,Q54>48),1,0))) | AD54: =IF(COUNT(AA54:AC54)<3,"",SUM(AA54:AC54)) | AE54: =IF(L54>=4,2,IF(L54>=2,1,0)) | AF54: =IF(L54>=5,1,0) | AG54: =AE54+AF54 | AH54: =IF(M54<>1,"",IF(OR(R54=-9,R54=""),"",R54)) | AI54: =IF(M54<>1,"",IF(OR(Q54=999,Q54=""),"",Q54))
A55: TQRMNOP100292 | B55: 2025 | C55: 1 | D55: 43 | E55: S | F55: 36 | G55: 1185 | H55: 3 | I55: 2 | J55: 19 | K55: 1 | L55: 5 | M55: 2 | R55: 0 | S55: 0 | T55: 0 | U55: 122000 | V55: =IFERROR(VLOOKUP(D55,Tablas_Equivalencia!$A$3:$B$8,2,FALSE),"Sin dato") | W55: =IFERROR(VLOOKUP(L55,Tablas_Equivalencia!$D$3:$E$9,2,FALSE),"Sin dato") | X55: =IF(I55=1,"Varón","Mujer") | Y55: =IFERROR(VLOOKUP(M55,Tablas_Equivalencia!$G$3:$H$6,2,FALSE),"Sin dato") | Z55: =IF(J55<=24,"18-24","25-29") | AA55: =IF(M55<>1,"",IF(P55=2,1,0)) | AB55: =IF(M55<>1,"",IF(O55>=2,1,0)) | AC55: =IF(M55<>1,"",IF(OR(Q55=999,Q55=""),"",IF(OR(Q55<35,Q55>48),1,0))) | AD55: =IF(COUNT(AA55:AC55)<3,"",SUM(AA55:AC55)) | AE55: =IF(L55>=4,2,IF(L55>=2,1,0)) | AF55: =IF(L55>=5,1,0) | AG55: =AE55+AF55 | AH55: =IF(M55<>1,"",IF(OR(R55=-9,R55=""),"",R55)) | AI55: =IF(M55<>1,"",IF(OR(Q55=999,Q55=""),"",Q55))
A56: TQRMNOP100293 | B56: 2025 | C56: 1 | D56: 40 | E56: N | F56: 9 | G56: 456 | H56: 1 | I56: 1 | J56: 29 | K56: 1 | L56: 5 | M56: 1 | N56: 3 | O56: 3 | P56: 2 | Q56: 34 | R56: 433000 | S56: 0 | T56: 433000 | U56: 57300 | V56: =IFERROR(VLOOKUP(D56,Tablas_Equivalencia!$A$3:$B$8,2,FALSE),"Sin dato") | W56: =IFERROR(VLOOKUP(L56,Tablas_Equivalencia!$D$3:$E$9,2,FALSE),"Sin dato") | X56: =IF(I56=1,"Varón","Mujer") | Y56: =IFERROR(VLOOKUP(M56,Tablas_Equivalencia!$G$3:$H$6,2,FALSE),"Sin dato") | Z56: =IF(J56<=24,"18-24","25-29") | AA56: =IF(M56<>1,"",IF(P56=2,1,0)) | AB56: =IF(M56<>1,"",IF(O56>=2,1,0)) | AC56: =IF(M56<>1,"",IF(OR(Q56=999,Q56=""),"",IF(OR(Q56<35,Q56>48),1,0))) | AD56: =IF(COUNT(AA56:AC56)<3,"",SUM(AA56:AC56)) | AE56: =IF(L56>=4,2,IF(L56>=2,1,0)) | AF56: =IF(L56>=5,1,0) | AG56: =AE56+AF56 | AH56: =IF(M56<>1,"",IF(OR(R56=-9,R56=""),"",R56)) | AI56: =IF(M56<>1,"",IF(OR(Q56=999,Q56=""),"",Q56))
A57: TQRMNOP100304 | B57: 2025 | C57: 1 | D57: 1 | E57: S | F57: 33 | G57: 613 | H57: 3 | I57: 2 | J57: 22 | K57: 2 | L57: 2 | M57: 1 | N57: 3 | O57: 1 | P57: 2 | Q57: 13 | R57: 378000 | S57: 0 | T57: 378000 | U57: 263400 | V57: =IFERROR(VLOOKUP(D57,Tablas_Equivalencia!$A$3:$B$8,2,FALSE),"Sin dato") | W57: =IFERROR(VLOOKUP(L57,Tablas_Equivalencia!$D$3:$E$9,2,FALSE),"Sin dato") | X57: =IF(I57=1,"Varón","Mujer") | Y57: =IFERROR(VLOOKUP(M57,Tablas_Equivalencia!$G$3:$H$6,2,FALSE),"Sin dato") | Z57: =IF(J57<=24,"18-24","25-29") | AA57: =IF(M57<>1,"",IF(P57=2,1,0)) | AB57: =IF(M57<>1,"",IF(O57>=2,1,0)) | AC57: =IF(M57<>1,"",IF(OR(Q57=999,Q57=""),"",IF(OR(Q57<35,Q57>48),1,0))) | AD57: =IF(COUNT(AA57:AC57)<3,"",SUM(AA57:AC57)) | AE57: =IF(L57>=4,2,IF(L57>=2,1,0)) | AF57: =IF(L57>=5,1,0) | AG57: =AE57+AF57 | AH57: =IF(M57<>1,"",IF(OR(R57=-9,R57=""),"",R57)) | AI57: =IF(M57<>1,"",IF(OR(Q57=999,Q57=""),"",Q57))
A58: TQRMNOP100308 | B58: 2025 | C58: 1 | D58: 40 | E58: N | F58: 9 | G58: 528 | H58: 3 | I58: 2 | J58: 24 | K58: 2 | L58: 6 | M58: 3 | R58: 0 | S58: 130000 | T58: 130000 | U58: 183900 | V58: =IFERROR(VLOOKUP(D58,Tablas_Equivalencia!$A$3:$B$8,2,FALSE),"Sin dato") | W58: =IFERROR(VLOOKUP(L58,Tablas_Equivalencia!$D$3:$E$9,2,FALSE),"Sin dato") | X58: =IF(I58=1,"Varón","Mujer") | Y58: =IFERROR(VLOOKUP(M58,Tablas_Equivalencia!$G$3:$H$6,2,FALSE),"Sin dato") | Z58: =IF(J58<=24,"18-24","25-29") | AA58: =IF(M58<>1,"",IF(P58=2,1,0)) | AB58: =IF(M58<>1,"",IF(O58>=2,1,0)) | AC58: =IF(M58<>1,"",IF(OR(Q58=999,Q58=""),"",IF(OR(Q58<35,Q58>48),1,0))) | AD58: =IF(COUNT(AA58:AC58)<3,"",SUM(AA58:AC58)) | AE58: =IF(L58>=4,2,IF(L58>=2,1,0)) | AF58: =IF(L58>=5,1,0) | AG58: =AE58+AF58 | AH58: =IF(M58<>1,"",IF(OR(R58=-9,R58=""),"",R58)) | AI58: =IF(M58<>1,"",IF(OR(Q58=999,Q58=""),"",Q58))
A59: TQRMNOP100310 | B59: 2025 | C59: 1 | D59: 1 | E59: S | F59: 32 | G59: 955 | H59: 1 | I59: 1 | J59: 27 | K59: 1 | L59: 5 | M59: 1 | N59: 2 | O59: 1 | P59: 1 | Q59: 50 | R59: 777000 | S59: 112000 | T59: 889000 | U59: 143100 | V59: =IFERROR(VLOOKUP(D59,Tablas_Equivalencia!$A$3:$B$8,2,FALSE),"Sin dato") | W59: =IFERROR(VLOOKUP(L59,Tablas_Equivalencia!$D$3:$E$9,2,FALSE),"Sin dato") | X59: =IF(I59=1,"Varón","Mujer") | Y59: =IFERROR(VLOOKUP(M59,Tablas_Equivalencia!$G$3:$H$6,2,FALSE),"Sin dato") | Z59: =IF(J59<=24,"18-24","25-29") | AA59: =IF(M59<>1,"",IF(P59=2,1,0)) | AB59: =IF(M59<>1,"",IF(O59>=2,1,0)) | AC59: =IF(M59<>1,"",IF(OR(Q59=999,Q59=""),"",IF(OR(Q59<35,Q59>48),1,0))) | AD59: =IF(COUNT(AA59:AC59)<3,"",SUM(AA59:AC59)) | AE59: =IF(L59>=4,2,IF(L59>=2,1,0)) | AF59: =IF(L59>=5,1,0) | AG59: =AE59+AF59 | AH59: =IF(M59<>1,"",IF(OR(R59=-9,R59=""),"",R59)) | AI59: =IF(M59<>1,"",IF(OR(Q59=999,Q59=""),"",Q59))
A60: TQRMNOP100311 | B60: 2025 | C60: 1 | D60: 43 | E60: N | F60: 26 | G60: 421 | H60: 2 | I60: 2 | J60: 24 | K60: 1 | L60: 5 | M60: 3 | R60: 0 | S60: 0 | T60: 0 | U60: 191300 | V60: =IFERROR(VLOOKUP(D60,Tablas_Equivalencia!$A$3:$B$8,2,FALSE),"Sin dato") | W60: =IFERROR(VLOOKUP(L60,Tablas_Equivalencia!$D$3:$E$9,2,FALSE),"Sin dato") | X60: =IF(I60=1,"Varón","Mujer") | Y60: =IFERROR(VLOOKUP(M60,Tablas_Equivalencia!$G$3:$H$6,2,FALSE),"Sin dato") | Z60: =IF(J60<=24,"18-24","25-29") | AA60: =IF(M60<>1,"",IF(P60=2,1,0)) | AB60: =IF(M60<>1,"",IF(O60>=2,1,0)) | AC60: =IF(M60<>1,"",IF(OR(Q60=999,Q60=""),"",IF(OR(Q60<35,Q60>48),1,0))) | AD60: =IF(COUNT(AA60:AC60)<3,"",SUM(AA60:AC60)) | AE60: =IF(L60>=4,2,IF(L60>=2,1,0)) | AF60: =IF(L60>=5,1,0) | AG60: =AE60+AF60 | AH60: =IF(M60<>1,"",IF(OR(R60=-9,R60=""),"",R60)) | AI60: =IF(M60<>1,"",IF(OR(Q60=999,Q60=""),"",Q60))
A61: TQRMNOP100313 | B61: 2025 | C61: 1 | D61: 43 | E61: S | F61: 20 | G61: 910 | H61: 1 | I61: 1 | J61: 26 | K61: 2 | L61: 5 | M61: 2 | R61: 0 | S61: 0 | T61: 0 | U61: 179100 | V61: =IFERROR(VLOOKUP(D61,Tablas_Equivalencia!$A$3:$B$8,2,FALSE),"Sin dato") | W61: =IFERROR(VLOOKUP(L61,Tablas_Equivalencia!$D$3:$E$9,2,FALSE),"Sin dato") | X61: =IF(I61=1,"Varón","Mujer") | Y61: =IFERROR(VLOOKUP(M61,Tablas_Equivalencia!$G$3:$H$6,2,FALSE),"Sin dato") | Z61: =IF(J61<=24,"18-24","25-29") | AA61: =IF(M61<>1,"",IF(P61=2,1,0)) | AB61: =IF(M61<>1,"",IF(O61>=2,1,0)) | AC61: =IF(M61<>1,"",IF(OR(Q61=999,Q61=""),"",IF(OR(Q61<35,Q61>48),1,0))) | AD61: =IF(COUNT(AA61:AC61)<3,"",SUM(AA61:AC61)) | AE61: =IF(L61>=4,2,IF(L61>=2,1,0)) | AF61: =IF(L61>=5,1,0) | AG61: =AE61+AF61 | AH61: =IF(M61<>1,"",IF(OR(R61=-9,R61=""),"",R61)) | AI61: =IF(M61<>1,"",IF(OR(Q61=999,Q61=""),"",Q61))
A62: TQRMNOP100314 | B62: 2025 | C62: 1 | D62: 43 | E62: S | F62: 20 | G62: 1712 | H62: 3 | I62: 2 | J62: 18 | K62: 1 | L62: 4 | M62: 1 | N62: 1 | O62: 1 | P62: 1 | Q62: 17 | R62: 483000 | S62: 0 | T62: 483000 | U62: 151200 | V62: =IFERROR(VLOOKUP(D62,Tablas_Equivalencia!$A$3:$B$8,2,FALSE),"Sin dato") | W62: =IFERROR(VLOOKUP(L62,Tablas_Equivalencia!$D$3:$E$9,2,FALSE),"Sin dato") | X62: =IF(I62=1,"Varón","Mujer") | Y62: =IFERROR(VLOOKUP(M62,Tablas_Equivalencia!$G$3:$H$6,2,FALSE),"Sin dato") | Z62: =IF(J62<=24,"18-24","25-29") | AA62: =IF(M62<>1,"",IF(P62=2,1,0)) | AB62: =IF(M62<>1,"",IF(O62>=2,1,0)) | AC62: =IF(M62<>1,"",IF(OR(Q62=999,Q62=""),"",IF(OR(Q62<35,Q62>48),1,0))) | AD62: =IF(COUNT(AA62:AC62)<3,"",SUM(AA62:AC62)) | AE62: =IF(L62>=4,2,IF(L62>=2,1,0)) | AF62: =IF(L62>=5,1,0) | AG62: =AE62+AF62 | AH62: =IF(M62<>1,"",IF(OR(R62=-9,R62=""),"",R62)) | AI62: =IF(M62<>1,"",IF(OR(Q62=999,Q62=""),"",Q62))
A63: TQRMNOP100320 | B63: 2025 | C63: 1 | D63: 43 | E63: S | F63: 30 | G63: 954 | H63: 3 | I63: 2 | J63: 20 | K63: 2 | L63: 5 | M63: 3 | R63: 0 | S63: 0 | T63: 0 | U63: 72700 | V63: =IFERROR(VLOOKUP(D63,Tablas_Equivalencia!$A$3:$B$8,2,FALSE),"Sin dato") | W63: =IFERROR(VLOOKUP(L63,Tablas_Equivalencia!$D$3:$E$9,2,FALSE),"Sin dato") | X63: =IF(I63=1,"Varón","Mujer") | Y63: =IFERROR(VLOOKUP(M63,Tablas_Equivalencia!$G$3:$H$6,2,FALSE),"Sin dato") | Z63: =IF(J63<=24,"18-24","25-29") | AA63: =IF(M63<>1,"",IF(P63=2,1,0)) | AB63: =IF(M63<>1,"",IF(O63>=2,1,0)) | AC63: =IF(M63<>1,"",IF(OR(Q63=999,Q63=""),"",IF(OR(Q63<35,Q63>48),1,0))) | AD63: =IF(COUNT(AA63:AC63)<3,"",SUM(AA63:AC63)) | AE63: =IF(L63>=4,2,IF(L63>=2,1,0)) | AF63: =IF(L63>=5,1,0) | AG63: =AE63+AF63 | AH63: =IF(M63<>1,"",IF(OR(R63=-9,R63=""),"",R63)) | AI63: =IF(M63<>1,"",IF(OR(Q63=999,Q63=""),"",Q63))
A64: TQRMNOP100325 | B64: 2025 | C64: 1 | D64: 43 | E64: N | F64: 26 | G64: 1437 | H64: 1 | I64: 2 | J64: 29 | K64: 2 | L64: 4 | M64: 3 | R64: 0 | S64: 0 | T64: 0 | U64: 221700 | V64: =IFERROR(VLOOKUP(D64,Tablas_Equivalencia!$A$3:$B$8,2,FALSE),"Sin dato") | W64: =IFERROR(VLOOKUP(L64,Tablas_Equivalencia!$D$3:$E$9,2,FALSE),"Sin dato") | X64: =IF(I64=1,"Varón","Mujer") | Y64: =IFERROR(VLOOKUP(M64,Tablas_Equivalencia!$G$3:$H$6,2,FALSE),"Sin dato") | Z64: =IF(J64<=24,"18-24","25-29") | AA64: =IF(M64<>1,"",IF(P64=2,1,0)) | AB64: =IF(M64<>1,"",IF(O64>=2,1,0)) | AC64: =IF(M64<>1,"",IF(OR(Q64=999,Q64=""),"",IF(OR(Q64<35,Q64>48),1,0))) | AD64: =IF(COUNT(AA64:AC64)<3,"",SUM(AA64:AC64)) | AE64: =IF(L64>=4,2,IF(L64>=2,1,0)) | AF64: =IF(L64>=5,1,0) | AG64: =AE64+AF64 | AH64: =IF(M64<>1,"",IF(OR(R64=-9,R64=""),"",R64)) | AI64: =IF(M64<>1,"",IF(OR(Q64=999,Q64=""),"",Q64))
A65: TQRMNOP100326 | B65: 2025 | C65: 1 | D65: 40 | E65: N | F65: 23 | G65: 2022 | H65: 3 | I65: 1 | J65: 18 | K65: 2 | L65: 4 | M65: 1 | N65: 3 | O65: 2 | P65: 2 | Q65: 37 | R65: 277000 | S65: 0 | T65: 277000 | U65: 65100 | V65: =IFERROR(VLOOKUP(D65,Tablas_Equivalencia!$A$3:$B$8,2,FALSE),"Sin dato") | W65: =IFERROR(VLOOKUP(L65,Tablas_Equivalencia!$D$3:$E$9,2,FALSE),"Sin dato") | X65: =IF(I65=1,"Varón","Mujer") | Y65: =IFERROR(VLOOKUP(M65,Tablas_Equivalencia!$G$3:$H$6,2,FALSE),"Sin dato") | Z65: =IF(J65<=24,"18-24","25-29") | AA65: =IF(M65<>1,"",IF(P65=2,1,0)) | AB65: =IF(M65<>1,"",IF(O65>=2,1,0)) | AC65: =IF(M65<>1,"",IF(OR(Q65=999,Q65=""),"",IF(OR(Q65<35,Q65>48),1,0))) | AD65: =IF(COUNT(AA65:AC65)<3,"",SUM(AA65:AC65)) | AE65: =IF(L65>=4,2,IF(L65>=2,1,0)) | AF65: =IF(L65>=5,1,0) | AG65: =AE65+AF65 | AH65: =IF(M65<>1,"",IF(OR(R65=-9,R65=""),"",R65)) | AI65: =IF(M65<>1,"",IF(OR(Q65=999,Q65=""),"",Q65))
A66: TQRMNOP100327 | B66: 2025 | C66: 1 | D66: 41 | E66: S | F66: 8 | G66: 1595 | H66: 3 | I66: 1 | J66: 27 | K66: 1 | L66: 5 | M66: 1 | N66: 3 | O66: 2 | P66: 2 | Q66: 35 | R66: 268000 | S66: 0 | T66: 268000 | U66: 101600 | V66: =IFERROR(VLOOKUP(D66,Tablas_Equivalencia!$A$3:$B$8,2,FALSE),"Sin dato") | W66: =IFERROR(VLOOKUP(L66,Tablas_Equivalencia!$D$3:$E$9,2,FALSE),"Sin dato") | X66: =IF(I66=1,"Varón","Mujer") | Y66: =IFERROR(VLOOKUP(M66,Tablas_Equivalencia!$G$3:$H$6,2,FALSE),"Sin dato") | Z66: =IF(J66<=24,"18-24","25-29") | AA66: =IF(M66<>1,"",IF(P66=2,1,0)) | AB66: =IF(M66<>1,"",IF(O66>=2,1,0)) | AC66: =IF(M66<>1,"",IF(OR(Q66=999,Q66=""),"",IF(OR(Q66<35,Q66>48),1,0))) | AD66: =IF(COUNT(AA66:AC66)<3,"",SUM(AA66:AC66)) | AE66: =IF(L66>=4,2,IF(L66>=2,1,0)) | AF66: =IF(L66>=5,1,0) | AG66: =AE66+AF66 | AH66: =IF(M66<>1,"",IF(OR(R66=-9,R66=""),"",R66)) | AI66: =IF(M66<>1,"",IF(OR(Q66=999,Q66=""),"",Q66))
A67: TQRMNOP100346 | B67: 2025 | C67: 1 | D67: 41 | E67: N | F67: 15 | G67: 790 | H67: 3 | I67: 1 | J67: 27 | K67: 2 | L67: 4 | M67: 1 | N67: 2 | O67: 1 | P67: 2 | Q67: 25 | R67: 267000 | S67: 0 | T67: 267000 | U67: 201000 | V67: =IFERROR(VLOOKUP(D67,Tablas_Equivalencia!$A$3:$B$8,2,FALSE),"Sin dato") | W67: =IFERROR(VLOOKUP(L67,Tablas_Equivalencia!$D$3:$E$9,2,FALSE),"Sin dato") | X67: =IF(I67=1,"Varón","Mujer") | Y67: =IFERROR(VLOOKUP(M67,Tablas_Equivalencia!$G$3:$H$6,2,FALSE),"Sin dato") | Z67: =IF(J67<=24,"18-24","25-29") | AA67: =IF(M67<>1,"",IF(P67=2,1,0)) | AB67: =IF(M67<>1,"",IF(O67>=2,1,0)) | AC67: =IF(M67<>1,"",IF(OR(Q67=999,Q67=""),"",IF(OR(Q67<35,Q67>48),1,0))) | AD67: =IF(COUNT(AA67:AC67)<3,"",SUM(AA67:AC67)) | AE67: =IF(L67>=4,2,IF(L67>=2,1,0)) | AF67: =IF(L67>=5,1,0) | AG67: =AE67+AF67 | AH67: =IF(M67<>1,"",IF(OR(R67=-9,R67=""),"",R67)) | AI67: =IF(M67<>1,"",IF(OR(Q67=999,Q67=""),"",Q67))
A68: TQRMNOP100348 | B68: 2025 | C68: 1 | D68: 1 | E68: S | F68: 32 | G68: 1295 | H68: 3 | I68: 1 | J68: 25 | K68: 2 | L68: 3 | M68: 1 | N68: 3 | O68: 2 | P68: 2 | Q68: 3 | R68: 716000 | S68: 0 | T68: 716000 | U68: 227100 | V68: =IFERROR(VLOOKUP(D68,Tablas_Equivalencia!$A$3:$B$8,2,FALSE),"Sin dato") | W68: =IFERROR(VLOOKUP(L68,Tablas_Equivalencia!$D$3:$E$9,2,FALSE),"Sin dato") | X68: =IF(I68=1,"Varón","Mujer") | Y68: =IFERROR(VLOOKUP(M68,Tablas_Equivalencia!$G$3:$H$6,2,FALSE),"Sin dato") | Z68: =IF(J68<=24,"18-24","25-29") | AA68: =IF(M68<>1,"",IF(P68=2,1,0)) | AB68: =IF(M68<>1,"",IF(O68>=2,1,0)) | AC68: =IF(M68<>1,"",IF(OR(Q68=999,Q68=""),"",IF(OR(Q68<35,Q68>48),1,0))) | AD68: =IF(COUNT(AA68:AC68)<3,"",SUM(AA68:AC68)) | AE68: =IF(L68>=4,2,IF(L68>=2,1,0)) | AF68: =IF(L68>=5,1,0) | AG68: =AE68+AF68 | AH68: =IF(M68<>1,"",IF(OR(R68=-9,R68=""),"",R68)) | AI68: =IF(M68<>1,"",IF(OR(Q68=999,Q68=""),"",Q68))
A69: TQRMNOP100351 | B69: 2025 | C69: 1 | D69: 43 | E69: S | F69: 20 | G69: 1511 | H69: 2 | I69: 2 | J69: 25 | K69: 2 | L69: 6 | M69: 3 | R69: 0 | S69: 0 | T69: 0 | U69: 202300 | V69: =IFERROR(VLOOKUP(D69,Tablas_Equivalencia!$A$3:$B$8,2,FALSE),"Sin dato") | W69: =IFERROR(VLOOKUP(L69,Tablas_Equivalencia!$D$3:$E$9,2,FALSE),"Sin dato") | X69: =IF(I69=1,"Varón","Mujer") | Y69: =IFERROR(VLOOKUP(M69,Tablas_Equivalencia!$G$3:$H$6,2,FALSE),"Sin dato") | Z69: =IF(J69<=24,"18-24","25-29") | AA69: =IF(M69<>1,"",IF(P69=2,1,0)) | AB69: =IF(M69<>1,"",IF(O69>=2,1,0)) | AC69: =IF(M69<>1,"",IF(OR(Q69=999,Q69=""),"",IF(OR(Q69<35,Q69>48),1,0))) | AD69: =IF(COUNT(AA69:AC69)<3,"",SUM(AA69:AC69)) | AE69: =IF(L69>=4,2,IF(L69>=2,1,0)) | AF69: =IF(L69>=5,1,0) | AG69: =AE69+AF69 | AH69: =IF(M69<>1,"",IF(OR(R69=-9,R69=""),"",R69)) | AI69: =IF(M69<>1,"",IF(OR(Q69=999,Q69=""),"",Q69))
A70: TQRMNOP100359 | B70: 2025 | C70: 1 | D70: 41 | E70: N | F70: 15 | G70: 1345 | H70: 1 | I70: 1 | J70: 22 | K70: 2 | L70: 5 | M70: 3 | R70: 0 | S70: 0 | T70: 0 | U70: 105200 | V70: =IFERROR(VLOOKUP(D70,Tablas_Equivalencia!$A$3:$B$8,2,FALSE),"Sin dato") | W70: =IFERROR(VLOOKUP(L70,Tablas_Equivalencia!$D$3:$E$9,2,FALSE),"Sin dato") | X70: =IF(I70=1,"Varón","Mujer") | Y70: =IFERROR(VLOOKUP(M70,Tablas_Equivalencia!$G$3:$H$6,2,FALSE),"Sin dato") | Z70: =IF(J70<=24,"18-24","25-29") | AA70: =IF(M70<>1,"",IF(P70=2,1,0)) | AB70: =IF(M70<>1,"",IF(O70>=2,1,0)) | AC70: =IF(M70<>1,"",IF(OR(Q70=999,Q70=""),"",IF(OR(Q70<35,Q70>48),1,0))) | AD70: =IF(COUNT(AA70:AC70)<3,"",SUM(AA70:AC70)) | AE70: =IF(L70>=4,2,IF(L70>=2,1,0)) | AF70: =IF(L70>=5,1,0) | AG70: =AE70+AF70 | AH70: =IF(M70<>1,"",IF(OR(R70=-9,R70=""),"",R70)) | AI70: =IF(M70<>1,"",IF(OR(Q70=999,Q70=""),"",Q70))
A71: TQRMNOP100360 | B71: 2025 | C71: 1 | D71: 42 | E71: N | F71: 27 | G71: 1213 | H71: 1 | I71: 2 | J71: 23 | K71: 1 | L71: 3 | M71: 1 | N71: 3 | O71: 2 | P71: 1 | Q71: 44 | R71: 1085000 | S71: 0 | T71: 1085000 | U71: 189500 | V71: =IFERROR(VLOOKUP(D71,Tablas_Equivalencia!$A$3:$B$8,2,FALSE),"Sin dato") | W71: =IFERROR(VLOOKUP(L71,Tablas_Equivalencia!$D$3:$E$9,2,FALSE),"Sin dato") | X71: =IF(I71=1,"Varón","Mujer") | Y71: =IFERROR(VLOOKUP(M71,Tablas_Equivalencia!$G$3:$H$6,2,FALSE),"Sin dato") | Z71: =IF(J71<=24,"18-24","25-29") | AA71: =IF(M71<>1,"",IF(P71=2,1,0)) | AB71: =IF(M71<>1,"",IF(O71>=2,1,0)) | AC71: =IF(M71<>1,"",IF(OR(Q71=999,Q71=""),"",IF(OR(Q71<35,Q71>48),1,0))) | AD71: =IF(COUNT(AA71:AC71)<3,"",SUM(AA71:AC71)) | AE71: =IF(L71>=4,2,IF(L71>=2,1,0)) | AF71: =IF(L71>=5,1,0) | AG71: =AE71+AF71 | AH71: =IF(M71<>1,"",IF(OR(R71=-9,R71=""),"",R71)) | AI71: =IF(M71<>1,"",IF(OR(Q71=999,Q71=""),"",Q71))
A72: TQRMNOP100361 | B72: 2025 | C72: 1 | D72: 1 | E72: S | F72: 32 | G72: 484 | H72: 1 | I72: 2 | J72: 23 | K72: 1 | L72: 5 | M72: 2 | R72: 0 | S72: 153000 | T72: 153000 | U72: 116900 | V72: =IFERROR(VLOOKUP(D72,Tablas_Equivalencia!$A$3:$B$8,2,FALSE),"Sin dato") | W72: =IFERROR(VLOOKUP(L72,Tablas_Equivalencia!$D$3:$E$9,2,FALSE),"Sin dato") | X72: =IF(I72=1,"Varón","Mujer") | Y72: =IFERROR(VLOOKUP(M72,Tablas_Equivalencia!$G$3:$H$6,2,FALSE),"Sin dato") | Z72: =IF(J72<=24,"18-24","25-29") | AA72: =IF(M72<>1,"",IF(P72=2,1,0)) | AB72: =IF(M72<>1,"",IF(O72>=2,1,0)) | AC72: =IF(M72<>1,"",IF(OR(Q72=999,Q72=""),"",IF(OR(Q72<35,Q72>48),1,0))) | AD72: =IF(COUNT(AA72:AC72)<3,"",SUM(AA72:AC72)) | AE72: =IF(L72>=4,2,IF(L72>=2,1,0)) | AF72: =IF(L72>=5,1,0) | AG72: =AE72+AF72 | AH72: =IF(M72<>1,"",IF(OR(R72=-9,R72=""),"",R72)) | AI72: =IF(M72<>1,"",IF(OR(Q72=999,Q72=""),"",Q72))
A73: TQRMNOP100363 | B73: 2025 | C73: 1 | D73: 43 | E73: S | F73: 36 | G73: 782 | H73: 10 | I73: 1 | J73: 26 | K73: 2 | L73: 4 | M73: 1 | N73: 3 | O73: 1 | P73: 1 | Q73: 29 | R73: 464000 | S73: 0 | T73: 464000 | U73: 137700 | V73: =IFERROR(VLOOKUP(D73,Tablas_Equivalencia!$A$3:$B$8,2,FALSE),"Sin dato") | W73: =IFERROR(VLOOKUP(L73,Tablas_Equivalencia!$D$3:$E$9,2,FALSE),"Sin dato") | X73: =IF(I73=1,"Varón","Mujer") | Y73: =IFERROR(VLOOKUP(M73,Tablas_Equivalencia!$G$3:$H$6,2,FALSE),"Sin dato") | Z73: =IF(J73<=24,"18-24","25-29") | AA73: =IF(M73<>1,"",IF(P73=2,1,0)) | AB73: =IF(M73<>1,"",IF(O73>=2,1,0)) | AC73: =IF(M73<>1,"",IF(OR(Q73=999,Q73=""),"",IF(OR(Q73<35,Q73>48),1,0))) | AD73: =IF(COUNT(AA73:AC73)<3,"",SUM(AA73:AC73)) | AE73: =IF(L73>=4,2,IF(L73>=2,1,0)) | AF73: =IF(L73>=5,1,0) | AG73: =AE73+AF73 | AH73: =IF(M73<>1,"",IF(OR(R73=-9,R73=""),"",R73)) | AI73: =IF(M73<>1,"",IF(OR(Q73=999,Q73=""),"",Q73))
A74: TQRMNOP100366 | B74: 2025 | C74: 1 | D74: 43 | E74: N | F74: 34 | G74: 1270 | H74: 3 | I74: 2 | J74: 25 | K74: 2 | L74: 6 | M74: 1 | N74: 2 | O74: 2 | P74: 2 | Q74: 29 | R74: 411000 | S74: 0 | T74: 411000 | U74: 109300 | V74: =IFERROR(VLOOKUP(D74,Tablas_Equivalencia!$A$3:$B$8,2,FALSE),"Sin dato") | W74: =IFERROR(VLOOKUP(L74,Tablas_Equivalencia!$D$3:$E$9,2,FALSE),"Sin dato") | X74: =IF(I74=1,"Varón","Mujer") | Y74: =IFERROR(VLOOKUP(M74,Tablas_Equivalencia!$G$3:$H$6,2,FALSE),"Sin dato") | Z74: =IF(J74<=24,"18-24","25-29") | AA74: =IF(M74<>1,"",IF(P74=2,1,0)) | AB74: =IF(M74<>1,"",IF(O74>=2,1,0)) | AC74: =IF(M74<>1,"",IF(OR(Q74=999,Q74=""),"",IF(OR(Q74<35,Q74>48),1,0))) | AD74: =IF(COUNT(AA74:AC74)<3,"",SUM(AA74:AC74)) | AE74: =IF(L74>=4,2,IF(L74>=2,1,0)) | AF74: =IF(L74>=5,1,0) | AG74: =AE74+AF74 | AH74: =IF(M74<>1,"",IF(OR(R74=-9,R74=""),"",R74)) | AI74: =IF(M74<>1,"",IF(OR(Q74=999,Q74=""),"",Q74))
A75: TQRMNOP100369 | B75: 2025 | C75: 1 | D75: 1 | E75: S | F75: 33 | G75: 1023 | H75: 3 | I75: 2 | J75: 23 | K75: 2 | L75: 4 | M75: 3 | R75: 0 | S75: 67000 | T75: 67000 | U75: 222600 | V75: =IFERROR(VLOOKUP(D75,Tablas_Equivalencia!$A$3:$B$8,2,FALSE),"Sin dato") | W75: =IFERROR(VLOOKUP(L75,Tablas_Equivalencia!$D$3:$E$9,2,FALSE),"Sin dato") | X75: =IF(I75=1,"Varón","Mujer") | Y75: =IFERROR(VLOOKUP(M75,Tablas_Equivalencia!$G$3:$H$6,2,FALSE),"Sin dato") | Z75: =IF(J75<=24,"18-24","25-29") | AA75: =IF(M75<>1,"",IF(P75=2,1,0)) | AB75: =IF(M75<>1,"",IF(O75>=2,1,0)) | AC75: =IF(M75<>1,"",IF(OR(Q75=999,Q75=""),"",IF(OR(Q75<35,Q75>48),1,0))) | AD75: =IF(COUNT(AA75:AC75)<3,"",SUM(AA75:AC75)) | AE75: =IF(L75>=4,2,IF(L75>=2,1,0)) | AF75: =IF(L75>=5,1,0) | AG75: =AE75+AF75 | AH75: =IF(M75<>1,"",IF(OR(R75=-9,R75=""),"",R75)) | AI75: =IF(M75<>1,"",IF(OR(Q75=999,Q75=""),"",Q75))
A76: TQRMNOP100370 | B76: 2025 | C76: 1 | D76: 40 | E76: N | F76: 22 | G76: 826 | H76: 1 | I76: 1 | J76: 24 | K76: 1 | L76: 5 | M76: 1 | N76: 3 | O76: 2 | P76: 2 | Q76: 27 | R76: 424000 | S76: 0 | T76: 424000 | U76: 99100 | V76: =IFERROR(VLOOKUP(D76,Tablas_Equivalencia!$A$3:$B$8,2,FALSE),"Sin dato") | W76: =IFERROR(VLOOKUP(L76,Tablas_Equivalencia!$D$3:$E$9,2,FALSE),"Sin dato") | X76: =IF(I76=1,"Varón","Mujer") | Y76: =IFERROR(VLOOKUP(M76,Tablas_Equivalencia!$G$3:$H$6,2,FALSE),"Sin dato") | Z76: =IF(J76<=24,"18-24","25-29") | AA76: =IF(M76<>1,"",IF(P76=2,1,0)) | AB76: =IF(M76<>1,"",IF(O76>=2,1,0)) | AC76: =IF(M76<>1,"",IF(OR(Q76=999,Q76=""),"",IF(OR(Q76<35,Q76>48),1,0))) | AD76: =IF(COUNT(AA76:AC76)<3,"",SUM(AA76:AC76)) | AE76: =IF(L76>=4,2,IF(L76>=2,1,0)) | AF76: =IF(L76>=5,1,0) | AG76: =AE76+AF76 | AH76: =IF(M76<>1,"",IF(OR(R76=-9,R76=""),"",R76)) | AI76: =IF(M76<>1,"",IF(OR(Q76=999,Q76=""),"",Q76))
A77: TQRMNOP100378 | B77: 2025 | C77: 1 | D77: 1 | E77: S | F77: 33 | G77: 862 | H77: 1 | I77: 2 | J77: 26 | K77: 2 | L77: 4 | M77: 1 | N77: 3 | O77: 1 | P77: 1 | Q77: 40 | R77: 1096000 | S77: 0 | T77: 1096000 | U77: 148800 | V77: =IFERROR(VLOOKUP(D77,Tablas_Equivalencia!$A$3:$B$8,2,FALSE),"Sin dato") | W77: =IFERROR(VLOOKUP(L77,Tablas_Equivalencia!$D$3:$E$9,2,FALSE),"Sin dato") | X77: =IF(I77=1,"Varón","Mujer") | Y77: =IFERROR(VLOOKUP(M77,Tablas_Equivalencia!$G$3:$H$6,2,FALSE),"Sin dato") | Z77: =IF(J77<=24,"18-24","25-29") | AA77: =IF(M77<>1,"",IF(P77=2,1,0)) | AB77: =IF(M77<>1,"",IF(O77>=2,1,0)) | AC77: =IF(M77<>1,"",IF(OR(Q77=999,Q77=""),"",IF(OR(Q77<35,Q77>48),1,0))) | AD77: =IF(COUNT(AA77:AC77)<3,"",SUM(AA77:AC77)) | AE77: =IF(L77>=4,2,IF(L77>=2,1,0)) | AF77: =IF(L77>=5,1,0) | AG77: =AE77+AF77 | AH77: =IF(M77<>1,"",IF(OR(R77=-9,R77=""),"",R77)) | AI77: =IF(M77<>1,"",IF(OR(Q77=999,Q77=""),"",Q77))
A78: TQRMNOP100383 | B78: 2025 | C78: 1 | D78: 1 | E78: S | F78: 32 | G78: 1465 | H78: 3 | I78: 1 | J78: 27 | K78: 2 | L78: 4 | M78: 3 | R78: 0 | S78: 0 | T78: 0 | U78: 87000 | V78: =IFERROR(VLOOKUP(D78,Tablas_Equivalencia!$A$3:$B$8,2,FALSE),"Sin dato") | W78: =IFERROR(VLOOKUP(L78,Tablas_Equivalencia!$D$3:$E$9,2,FALSE),"Sin dato") | X78: =IF(I78=1,"Varón","Mujer") | Y78: =IFERROR(VLOOKUP(M78,Tablas_Equivalencia!$G$3:$H$6,2,FALSE),"Sin dato") | Z78: =IF(J78<=24,"18-24","25-29") | AA78: =IF(M78<>1,"",IF(P78=2,1,0)) | AB78: =IF(M78<>1,"",IF(O78>=2,1,0)) | AC78: =IF(M78<>1,"",IF(OR(Q78=999,Q78=""),"",IF(OR(Q78<35,Q78>48),1,0))) | AD78: =IF(COUNT(AA78:AC78)<3,"",SUM(AA78:AC78)) | AE78: =IF(L78>=4,2,IF(L78>=2,1,0)) | AF78: =IF(L78>=5,1,0) | AG78: =AE78+AF78 | AH78: =IF(M78<>1,"",IF(OR(R78=-9,R78=""),"",R78)) | AI78: =IF(M78<>1,"",IF(OR(Q78=999,Q78=""),"",Q78))
A79: TQRMNOP100387 | B79: 2025 | C79: 1 | D79: 44 | E79: S | F79: 13 | G79: 546 | H79: 1 | I79: 1 | J79: 28 | K79: 2 | L79: 6 | M79: 1 | N79: 3 | O79: 2 | P79: 2 | Q79: 18 | R79: 2778000 | S79: 0 | T79: 2778000 | U79: 119900 | V79: =IFERROR(VLOOKUP(D79,Tablas_Equivalencia!$A$3:$B$8,2,FALSE),"Sin dato") | W79: =IFERROR(VLOOKUP(L79,Tablas_Equivalencia!$D$3:$E$9,2,FALSE),"Sin dato") | X79: =IF(I79=1,"Varón","Mujer") | Y79: =IFERROR(VLOOKUP(M79,Tablas_Equivalencia!$G$3:$H$6,2,FALSE),"Sin dato") | Z79: =IF(J79<=24,"18-24","25-29") | AA79: =IF(M79<>1,"",IF(P79=2,1,0)) | AB79: =IF(M79<>1,"",IF(O79>=2,1,0)) | AC79: =IF(M79<>1,"",IF(OR(Q79=999,Q79=""),"",IF(OR(Q79<35,Q79>48),1,0))) | AD79: =IF(COUNT(AA79:AC79)<3,"",SUM(AA79:AC79)) | AE79: =IF(L79>=4,2,IF(L79>=2,1,0)) | AF79: =IF(L79>=5,1,0) | AG79: =AE79+AF79 | AH79: =IF(M79<>1,"",IF(OR(R79=-9,R79=""),"",R79)) | AI79: =IF(M79<>1,"",IF(OR(Q79=999,Q79=""),"",Q79))
A80: TQRMNOP100388 | B80: 2025 | C80: 1 | D80: 42 | E80: S | F80: 10 | G80: 1346 | H80: 3 | I80: 2 | J80: 18 | K80: 2 | L80: 6 | M80: 1 | N80: 3 | O80: 1 | P80: 2 | Q80: 30 | R80: 402000 | S80: 22000 | T80: 424000 | U80: 233400 | V80: =IFERROR(VLOOKUP(D80,Tablas_Equivalencia!$A$3:$B$8,2,FALSE),"Sin dato") | W80: =IFERROR(VLOOKUP(L80,Tablas_Equivalencia!$D$3:$E$9,2,FALSE),"Sin dato") | X80: =IF(I80=1,"Varón","Mujer") | Y80: =IFERROR(VLOOKUP(M80,Tablas_Equivalencia!$G$3:$H$6,2,FALSE),"Sin dato") | Z80: =IF(J80<=24,"18-24","25-29") | AA80: =IF(M80<>1,"",IF(P80=2,1,0)) | AB80: =IF(M80<>1,"",IF(O80>=2,1,0)) | AC80: =IF(M80<>1,"",IF(OR(Q80=999,Q80=""),"",IF(OR(Q80<35,Q80>48),1,0))) | AD80: =IF(COUNT(AA80:AC80)<3,"",SUM(AA80:AC80)) | AE80: =IF(L80>=4,2,IF(L80>=2,1,0)) | AF80: =IF(L80>=5,1,0) | AG80: =AE80+AF80 | AH80: =IF(M80<>1,"",IF(OR(R80=-9,R80=""),"",R80)) | AI80: =IF(M80<>1,"",IF(OR(Q80=999,Q80=""),"",Q80))
A81: TQRMNOP100397 | B81: 2025 | C81: 1 | D81: 43 | E81: S | F81: 19 | G81: 714 | H81: 3 | I81: 2 | J81: 22 | K81: 2 | L81: 2 | M81: 1 | N81: 3 | O81: 2 | P81: 1 | Q81: 36 | R81: 227000 | S81: 0 | T81: 227000 | U81: 88900 | V81: =IFERROR(VLOOKUP(D81,Tablas_Equivalencia!$A$3:$B$8,2,FALSE),"Sin dato") | W81: =IFERROR(VLOOKUP(L81,Tablas_Equivalencia!$D$3:$E$9,2,FALSE),"Sin dato") | X81: =IF(I81=1,"Varón","Mujer") | Y81: =IFERROR(VLOOKUP(M81,Tablas_Equivalencia!$G$3:$H$6,2,FALSE),"Sin dato") | Z81: =IF(J81<=24,"18-24","25-29") | AA81: =IF(M81<>1,"",IF(P81=2,1,0)) | AB81: =IF(M81<>1,"",IF(O81>=2,1,0)) | AC81: =IF(M81<>1,"",IF(OR(Q81=999,Q81=""),"",IF(OR(Q81<35,Q81>48),1,0))) | AD81: =IF(COUNT(AA81:AC81)<3,"",SUM(AA81:AC81)) | AE81: =IF(L81>=4,2,IF(L81>=2,1,0)) | AF81: =IF(L81>=5,1,0) | AG81: =AE81+AF81 | AH81: =IF(M81<>1,"",IF(OR(R81=-9,R81=""),"",R81)) | AI81: =IF(M81<>1,"",IF(OR(Q81=999,Q81=""),"",Q81))
A82: TQRMNOP100403 | B82: 2025 | C82: 1 | D82: 1 | E82: S | F82: 32 | G82: 1166 | H82: 2 | I82: 1 | J82: 27 | K82: 2 | L82: 6 | M82: 1 | N82: 3 | O82: 1 | P82: 1 | Q82: 69 | R82: 2546000 | S82: 0 | T82: 2546000 | U82: 115000 | V82: =IFERROR(VLOOKUP(D82,Tablas_Equivalencia!$A$3:$B$8,2,FALSE),"Sin dato") | W82: =IFERROR(VLOOKUP(L82,Tablas_Equivalencia!$D$3:$E$9,2,FALSE),"Sin dato") | X82: =IF(I82=1,"Varón","Mujer") | Y82: =IFERROR(VLOOKUP(M82,Tablas_Equivalencia!$G$3:$H$6,2,FALSE),"Sin dato") | Z82: =IF(J82<=24,"18-24","25-29") | AA82: =IF(M82<>1,"",IF(P82=2,1,0)) | AB82: =IF(M82<>1,"",IF(O82>=2,1,0)) | AC82: =IF(M82<>1,"",IF(OR(Q82=999,Q82=""),"",IF(OR(Q82<35,Q82>48),1,0))) | AD82: =IF(COUNT(AA82:AC82)<3,"",SUM(AA82:AC82)) | AE82: =IF(L82>=4,2,IF(L82>=2,1,0)) | AF82: =IF(L82>=5,1,0) | AG82: =AE82+AF82 | AH82: =IF(M82<>1,"",IF(OR(R82=-9,R82=""),"",R82)) | AI82: =IF(M82<>1,"",IF(OR(Q82=999,Q82=""),"",Q82))
A83: TQRMNOP100409 | B83: 2025 | C83: 1 | D83: 43 | E83: S | F83: 30 | G83: 803 | H83: 10 | I83: 2 | J83: 28 | K83: 1 | L83: 5 | M83: 2 | R83: 0 | S83: 0 | T83: 0 | U83: 107500 | V83: =IFERROR(VLOOKUP(D83,Tablas_Equivalencia!$A$3:$B$8,2,FALSE),"Sin dato") | W83: =IFERROR(VLOOKUP(L83,Tablas_Equivalencia!$D$3:$E$9,2,FALSE),"Sin dato") | X83: =IF(I83=1,"Varón","Mujer") | Y83: =IFERROR(VLOOKUP(M83,Tablas_Equivalencia!$G$3:$H$6,2,FALSE),"Sin dato") | Z83: =IF(J83<=24,"18-24","25-29") | AA83: =IF(M83<>1,"",IF(P83=2,1,0)) | AB83: =IF(M83<>1,"",IF(O83>=2,1,0)) | AC83: =IF(M83<>1,"",IF(OR(Q83=999,Q83=""),"",IF(OR(Q83<35,Q83>48),1,0))) | AD83: =IF(COUNT(AA83:AC83)<3,"",SUM(AA83:AC83)) | AE83: =IF(L83>=4,2,IF(L83>=2,1,0)) | AF83: =IF(L83>=5,1,0) | AG83: =AE83+AF83 | AH83: =IF(M83<>1,"",IF(OR(R83=-9,R83=""),"",R83)) | AI83: =IF(M83<>1,"",IF(OR(Q83=999,Q83=""),"",Q83))
A84: TQRMNOP100410 | B84: 2025 | C84: 1 | D84: 1 | E84: S | F84: 33 | G84: 1240 | H84: 2 | I84: 2 | J84: 21 | K84: 2 | L84: 4 | M84: 1 | N84: 3 | O84: 1 | P84: 1 | Q84: 22 | R84: 966000 | S84: 0 | T84: 966000 | U84: 342500 | V84: =IFERROR(VLOOKUP(D84,Tablas_Equivalencia!$A$3:$B$8,2,FALSE),"Sin dato") | W84: =IFERROR(VLOOKUP(L84,Tablas_Equivalencia!$D$3:$E$9,2,FALSE),"Sin dato") | X84: =IF(I84=1,"Varón","Mujer") | Y84: =IFERROR(VLOOKUP(M84,Tablas_Equivalencia!$G$3:$H$6,2,FALSE),"Sin dato") | Z84: =IF(J84<=24,"18-24","25-29") | AA84: =IF(M84<>1,"",IF(P84=2,1,0)) | AB84: =IF(M84<>1,"",IF(O84>=2,1,0)) | AC84: =IF(M84<>1,"",IF(OR(Q84=999,Q84=""),"",IF(OR(Q84<35,Q84>48),1,0))) | AD84: =IF(COUNT(AA84:AC84)<3,"",SUM(AA84:AC84)) | AE84: =IF(L84>=4,2,IF(L84>=2,1,0)) | AF84: =IF(L84>=5,1,0) | AG84: =AE84+AF84 | AH84: =IF(M84<>1,"",IF(OR(R84=-9,R84=""),"",R84)) | AI84: =IF(M84<>1,"",IF(OR(Q84=999,Q84=""),"",Q84))
A85: TQRMNOP100426 | B85: 2025 | C85: 1 | D85: 40 | E85: N | F85: 9 | G85: 1105 | H85: 3 | I85: 1 | J85: 27 | K85: 2 | L85: 6 | M85: 1 | N85: 3 | O85: 2 | P85: 2 | Q85: 31 | R85: 665000 | S85: 0 | T85: 665000 | U85: 150000 | V85: =IFERROR(VLOOKUP(D85,Tablas_Equivalencia!$A$3:$B$8,2,FALSE),"Sin dato") | W85: =IFERROR(VLOOKUP(L85,Tablas_Equivalencia!$D$3:$E$9,2,FALSE),"Sin dato") | X85: =IF(I85=1,"Varón","Mujer") | Y85: =IFERROR(VLOOKUP(M85,Tablas_Equivalencia!$G$3:$H$6,2,FALSE),"Sin dato") | Z85: =IF(J85<=24,"18-24","25-29") | AA85: =IF(M85<>1,"",IF(P85=2,1,0)) | AB85: =IF(M85<>1,"",IF(O85>=2,1,0)) | AC85: =IF(M85<>1,"",IF(OR(Q85=999,Q85=""),"",IF(OR(Q85<35,Q85>48),1,0))) | AD85: =IF(COUNT(AA85:AC85)<3,"",SUM(AA85:AC85)) | AE85: =IF(L85>=4,2,IF(L85>=2,1,0)) | AF85: =IF(L85>=5,1,0) | AG85: =AE85+AF85 | AH85: =IF(M85<>1,"",IF(OR(R85=-9,R85=""),"",R85)) | AI85: =IF(M85<>1,"",IF(OR(Q85=999,Q85=""),"",Q85))
A86: TQRMNOP100428 | B86: 2025 | C86: 1 | D86: 44 | E86: S | F86: 13 | G86: 475 | H86: 3 | I86: 2 | J86: 25 | K86: 2 | L86: 5 | M86: 3 | R86: 0 | S86: 0 | T86: 0 | U86: 292700 | V86: =IFERROR(VLOOKUP(D86,Tablas_Equivalencia!$A$3:$B$8,2,FALSE),"Sin dato") | W86: =IFERROR(VLOOKUP(L86,Tablas_Equivalencia!$D$3:$E$9,2,FALSE),"Sin dato") | X86: =IF(I86=1,"Varón","Mujer") | Y86: =IFERROR(VLOOKUP(M86,Tablas_Equivalencia!$G$3:$H$6,2,FALSE),"Sin dato") | Z86: =IF(J86<=24,"18-24","25-29") | AA86: =IF(M86<>1,"",IF(P86=2,1,0)) | AB86: =IF(M86<>1,"",IF(O86>=2,1,0)) | AC86: =IF(M86<>1,"",IF(OR(Q86=999,Q86=""),"",IF(OR(Q86<35,Q86>48),1,0))) | AD86: =IF(COUNT(AA86:AC86)<3,"",SUM(AA86:AC86)) | AE86: =IF(L86>=4,2,IF(L86>=2,1,0)) | AF86: =IF(L86>=5,1,0) | AG86: =AE86+AF86 | AH86: =IF(M86<>1,"",IF(OR(R86=-9,R86=""),"",R86)) | AI86: =IF(M86<>1,"",IF(OR(Q86=999,Q86=""),"",Q86))
A87: TQRMNOP100431 | B87: 2025 | C87: 1 | D87: 1 | E87: S | F87: 33 | G87: 302 | H87: 1 | I87: 1 | J87: 24 | K87: 2 | L87: 5 | M87: 1 | N87: 3 | O87: 1 | P87: 1 | Q87: 40 | R87: 1222000 | S87: 0 | T87: 1222000 | U87: 153100 | V87: =IFERROR(VLOOKUP(D87,Tablas_Equivalencia!$A$3:$B$8,2,FALSE),"Sin dato") | W87: =IFERROR(VLOOKUP(L87,Tablas_Equivalencia!$D$3:$E$9,2,FALSE),"Sin dato") | X87: =IF(I87=1,"Varón","Mujer") | Y87: =IFERROR(VLOOKUP(M87,Tablas_Equivalencia!$G$3:$H$6,2,FALSE),"Sin dato") | Z87: =IF(J87<=24,"18-24","25-29") | AA87: =IF(M87<>1,"",IF(P87=2,1,0)) | AB87: =IF(M87<>1,"",IF(O87>=2,1,0)) | AC87: =IF(M87<>1,"",IF(OR(Q87=999,Q87=""),"",IF(OR(Q87<35,Q87>48),1,0))) | AD87: =IF(COUNT(AA87:AC87)<3,"",SUM(AA87:AC87)) | AE87: =IF(L87>=4,2,IF(L87>=2,1,0)) | AF87: =IF(L87>=5,1,0) | AG87: =AE87+AF87 | AH87: =IF(M87<>1,"",IF(OR(R87=-9,R87=""),"",R87)) | AI87: =IF(M87<>1,"",IF(OR(Q87=999,Q87=""),"",Q87))
A88: TQRMNOP100436 | B88: 2025 | C88: 1 | D88: 43 | E88: S | F88: 17 | G88: 479 | H88: 3 | I88: 1 | J88: 26 | K88: 1 | L88: 4 | M88: 1 | N88: 3 | O88: 3 | P88: 2 | Q88: 46 | R88: 583000 | S88: 0 | T88: 583000 | U88: 112700 | V88: =IFERROR(VLOOKUP(D88,Tablas_Equivalencia!$A$3:$B$8,2,FALSE),"Sin dato") | W88: =IFERROR(VLOOKUP(L88,Tablas_Equivalencia!$D$3:$E$9,2,FALSE),"Sin dato") | X88: =IF(I88=1,"Varón","Mujer") | Y88: =IFERROR(VLOOKUP(M88,Tablas_Equivalencia!$G$3:$H$6,2,FALSE),"Sin dato") | Z88: =IF(J88<=24,"18-24","25-29") | AA88: =IF(M88<>1,"",IF(P88=2,1,0)) | AB88: =IF(M88<>1,"",IF(O88>=2,1,0)) | AC88: =IF(M88<>1,"",IF(OR(Q88=999,Q88=""),"",IF(OR(Q88<35,Q88>48),1,0))) | AD88: =IF(COUNT(AA88:AC88)<3,"",SUM(AA88:AC88)) | AE88: =IF(L88>=4,2,IF(L88>=2,1,0)) | AF88: =IF(L88>=5,1,0) | AG88: =AE88+AF88 | AH88: =IF(M88<>1,"",IF(OR(R88=-9,R88=""),"",R88)) | AI88: =IF(M88<>1,"",IF(OR(Q88=999,Q88=""),"",Q88))
A89: TQRMNOP100443 | B89: 2025 | C89: 1 | D89: 41 | E89: N | F89: 12 | G89: 1066 | H89: 2 | I89: 2 | J89: 23 | K89: 2 | L89: 4 | M89: 3 | R89: 0 | S89: 0 | T89: 0 | U89: 174300 | V89: =IFERROR(VLOOKUP(D89,Tablas_Equivalencia!$A$3:$B$8,2,FALSE),"Sin dato") | W89: =IFERROR(VLOOKUP(L89,Tablas_Equivalencia!$D$3:$E$9,2,FALSE),"Sin dato") | X89: =IF(I89=1,"Varón","Mujer") | Y89: =IFERROR(VLOOKUP(M89,Tablas_Equivalencia!$G$3:$H$6,2,FALSE),"Sin dato") | Z89: =IF(J89<=24,"18-24","25-29") | AA89: =IF(M89<>1,"",IF(P89=2,1,0)) | AB89: =IF(M89<>1,"",IF(O89>=2,1,0)) | AC89: =IF(M89<>1,"",IF(OR(Q89=999,Q89=""),"",IF(OR(Q89<35,Q89>48),1,0))) | AD89: =IF(COUNT(AA89:AC89)<3,"",SUM(AA89:AC89)) | AE89: =IF(L89>=4,2,IF(L89>=2,1,0)) | AF89: =IF(L89>=5,1,0) | AG89: =AE89+AF89 | AH89: =IF(M89<>1,"",IF(OR(R89=-9,R89=""),"",R89)) | AI89: =IF(M89<>1,"",IF(OR(Q89=999,Q89=""),"",Q89))
A90: TQRMNOP100453 | B90: 2025 | C90: 1 | D90: 42 | E90: S | F90: 10 | G90: 1010 | H90: 3 | I90: 1 | J90: 19 | K90: 2 | L90: 4 | M90: 1 | N90: 3 | O90: 1 | P90: 1 | Q90: 37 | R90: 885000 | S90: 0 | T90: 885000 | U90: 201200 | V90: =IFERROR(VLOOKUP(D90,Tablas_Equivalencia!$A$3:$B$8,2,FALSE),"Sin dato") | W90: =IFERROR(VLOOKUP(L90,Tablas_Equivalencia!$D$3:$E$9,2,FALSE),"Sin dato") | X90: =IF(I90=1,"Varón","Mujer") | Y90: =IFERROR(VLOOKUP(M90,Tablas_Equivalencia!$G$3:$H$6,2,FALSE),"Sin dato") | Z90: =IF(J90<=24,"18-24","25-29") | AA90: =IF(M90<>1,"",IF(P90=2,1,0)) | AB90: =IF(M90<>1,"",IF(O90>=2,1,0)) | AC90: =IF(M90<>1,"",IF(OR(Q90=999,Q90=""),"",IF(OR(Q90<35,Q90>48),1,0))) | AD90: =IF(COUNT(AA90:AC90)<3,"",SUM(AA90:AC90)) | AE90: =IF(L90>=4,2,IF(L90>=2,1,0)) | AF90: =IF(L90>=5,1,0) | AG90: =AE90+AF90 | AH90: =IF(M90<>1,"",IF(OR(R90=-9,R90=""),"",R90)) | AI90: =IF(M90<>1,"",IF(OR(Q90=999,Q90=""),"",Q90))
A91: TQRMNOP100456 | B91: 2025 | C91: 1 | D91: 43 | E91: S | F91: 36 | G91: 681 | H91: 3 | I91: 2 | J91: 20 | K91: 1 | L91: 5 | M91: 3 | R91: 0 | S91: 0 | T91: 0 | U91: 172200 | V91: =IFERROR(VLOOKUP(D91,Tablas_Equivalencia!$A$3:$B$8,2,FALSE),"Sin dato") | W91: =IFERROR(VLOOKUP(L91,Tablas_Equivalencia!$D$3:$E$9,2,FALSE),"Sin dato") | X91: =IF(I91=1,"Varón","Mujer") | Y91: =IFERROR(VLOOKUP(M91,Tablas_Equivalencia!$G$3:$H$6,2,FALSE),"Sin dato") | Z91: =IF(J91<=24,"18-24","25-29") | AA91: =IF(M91<>1,"",IF(P91=2,1,0)) | AB91: =IF(M91<>1,"",IF(O91>=2,1,0)) | AC91: =IF(M91<>1,"",IF(OR(Q91=999,Q91=""),"",IF(OR(Q91<35,Q91>48),1,0))) | AD91: =IF(COUNT(AA91:AC91)<3,"",SUM(AA91:AC91)) | AE91: =IF(L91>=4,2,IF(L91>=2,1,0)) | AF91: =IF(L91>=5,1,0) | AG91: =AE91+AF91 | AH91: =IF(M91<>1,"",IF(OR(R91=-9,R91=""),"",R91)) | AI91: =IF(M91<>1,"",IF(OR(Q91=999,Q91=""),"",Q91))
A92: TQRMNOP100460 | B92: 2025 | C92: 1 | D92: 43 | E92: S | F92: 19 | G92: 1267 | H92: 3 | I92: 2 | J92: 24 | K92: 2 | L92: 1 | M92: 3 | R92: 0 | S92: 0 | T92: 0 | U92: 73200 | V92: =IFERROR(VLOOKUP(D92,Tablas_Equivalencia!$A$3:$B$8,2,FALSE),"Sin dato") | W92: =IFERROR(VLOOKUP(L92,Tablas_Equivalencia!$D$3:$E$9,2,FALSE),"Sin dato") | X92: =IF(I92=1,"Varón","Mujer") | Y92: =IFERROR(VLOOKUP(M92,Tablas_Equivalencia!$G$3:$H$6,2,FALSE),"Sin dato") | Z92: =IF(J92<=24,"18-24","25-29") | AA92: =IF(M92<>1,"",IF(P92=2,1,0)) | AB92: =IF(M92<>1,"",IF(O92>=2,1,0)) | AC92: =IF(M92<>1,"",IF(OR(Q92=999,Q92=""),"",IF(OR(Q92<35,Q92>48),1,0))) | AD92: =IF(COUNT(AA92:AC92)<3,"",SUM(AA92:AC92)) | AE92: =IF(L92>=4,2,IF(L92>=2,1,0)) | AF92: =IF(L92>=5,1,0) | AG92: =AE92+AF92 | AH92: =IF(M92<>1,"",IF(OR(R92=-9,R92=""),"",R92)) | AI92: =IF(M92<>1,"",IF(OR(Q92=999,Q92=""),"",Q92))
A93: TQRMNOP100463 | B93: 2025 | C93: 1 | D93: 41 | E93: N | F93: 12 | G93: 1384 | H93: 2 | I93: 1 | J93: 18 | K93: 1 | L93: 3 | M93: 1 | N93: 3 | O93: 2 | P93: 2 | Q93: 52 | R93: 330000 | S93: 0 | T93: 330000 | U93: 29100 | V93: =IFERROR(VLOOKUP(D93,Tablas_Equivalencia!$A$3:$B$8,2,FALSE),"Sin dato") | W93: =IFERROR(VLOOKUP(L93,Tablas_Equivalencia!$D$3:$E$9,2,FALSE),"Sin dato") | X93: =IF(I93=1,"Varón","Mujer") | Y93: =IFERROR(VLOOKUP(M93,Tablas_Equivalencia!$G$3:$H$6,2,FALSE),"Sin dato") | Z93: =IF(J93<=24,"18-24","25-29") | AA93: =IF(M93<>1,"",IF(P93=2,1,0)) | AB93: =IF(M93<>1,"",IF(O93>=2,1,0)) | AC93: =IF(M93<>1,"",IF(OR(Q93=999,Q93=""),"",IF(OR(Q93<35,Q93>48),1,0))) | AD93: =IF(COUNT(AA93:AC93)<3,"",SUM(AA93:AC93)) | AE93: =IF(L93>=4,2,IF(L93>=2,1,0)) | AF93: =IF(L93>=5,1,0) | AG93: =AE93+AF93 | AH93: =IF(M93<>1,"",IF(OR(R93=-9,R93=""),"",R93)) | AI93: =IF(M93<>1,"",IF(OR(Q93=999,Q93=""),"",Q93))
A94: TQRMNOP100466 | B94: 2025 | C94: 1 | D94: 40 | E94: S | F94: 7 | G94: 588 | H94: 3 | I94: 2 | J94: 23 | K94: 2 | L94: 4 | M94: 3 | R94: 0 | S94: 0 | T94: 0 | U94: 79200 | V94: =IFERROR(VLOOKUP(D94,Tablas_Equivalencia!$A$3:$B$8,2,FALSE),"Sin dato") | W94: =IFERROR(VLOOKUP(L94,Tablas_Equivalencia!$D$3:$E$9,2,FALSE),"Sin dato") | X94: =IF(I94=1,"Varón","Mujer") | Y94: =IFERROR(VLOOKUP(M94,Tablas_Equivalencia!$G$3:$H$6,2,FALSE),"Sin dato") | Z94: =IF(J94<=24,"18-24","25-29") | AA94: =IF(M94<>1,"",IF(P94=2,1,0)) | AB94: =IF(M94<>1,"",IF(O94>=2,1,0)) | AC94: =IF(M94<>1,"",IF(OR(Q94=999,Q94=""),"",IF(OR(Q94<35,Q94>48),1,0))) | AD94: =IF(COUNT(AA94:AC94)<3,"",SUM(AA94:AC94)) | AE94: =IF(L94>=4,2,IF(L94>=2,1,0)) | AF94: =IF(L94>=5,1,0) | AG94: =AE94+AF94 | AH94: =IF(M94<>1,"",IF(OR(R94=-9,R94=""),"",R94)) | AI94: =IF(M94<>1,"",IF(OR(Q94=999,Q94=""),"",Q94))
A95: TQRMNOP100478 | B95: 2025 | C95: 1 | D95: 1 | E95: S | F95: 32 | G95: 843 | H95: 2 | I95: 1 | J95: 20 | K95: 2 | L95: 4 | M95: 3 | R95: 0 | S95: 97000 | T95: 97000 | U95: 62500 | V95: =IFERROR(VLOOKUP(D95,Tablas_Equivalencia!$A$3:$B$8,2,FALSE),"Sin dato") | W95: =IFERROR(VLOOKUP(L95,Tablas_Equivalencia!$D$3:$E$9,2,FALSE),"Sin dato") | X95: =IF(I95=1,"Varón","Mujer") | Y95: =IFERROR(VLOOKUP(M95,Tablas_Equivalencia!$G$3:$H$6,2,FALSE),"Sin dato") | Z95: =IF(J95<=24,"18-24","25-29") | AA95: =IF(M95<>1,"",IF(P95=2,1,0)) | AB95: =IF(M95<>1,"",IF(O95>=2,1,0)) | AC95: =IF(M95<>1,"",IF(OR(Q95=999,Q95=""),"",IF(OR(Q95<35,Q95>48),1,0))) | AD95: =IF(COUNT(AA95:AC95)<3,"",SUM(AA95:AC95)) | AE95: =IF(L95>=4,2,IF(L95>=2,1,0)) | AF95: =IF(L95>=5,1,0) | AG95: =AE95+AF95 | AH95: =IF(M95<>1,"",IF(OR(R95=-9,R95=""),"",R95)) | AI95: =IF(M95<>1,"",IF(OR(Q95=999,Q95=""),"",Q95))
A96: TQRMNOP100483 | B96: 2025 | C96: 1 | D96: 41 | E96: S | F96: 8 | G96: 493 | H96: 3 | I96: 2 | J96: 26 | K96: 1 | L96: 5 | M96: 1 | N96: 3 | O96: 2 | P96: 2 | Q96: 29 | R96: 316000 | S96: 0 | T96: 316000 | U96: 286600 | V96: =IFERROR(VLOOKUP(D96,Tablas_Equivalencia!$A$3:$B$8,2,FALSE),"Sin dato") | W96: =IFERROR(VLOOKUP(L96,Tablas_Equivalencia!$D$3:$E$9,2,FALSE),"Sin dato") | X96: =IF(I96=1,"Varón","Mujer") | Y96: =IFERROR(VLOOKUP(M96,Tablas_Equivalencia!$G$3:$H$6,2,FALSE),"Sin dato") | Z96: =IF(J96<=24,"18-24","25-29") | AA96: =IF(M96<>1,"",IF(P96=2,1,0)) | AB96: =IF(M96<>1,"",IF(O96>=2,1,0)) | AC96: =IF(M96<>1,"",IF(OR(Q96=999,Q96=""),"",IF(OR(Q96<35,Q96>48),1,0))) | AD96: =IF(COUNT(AA96:AC96)<3,"",SUM(AA96:AC96)) | AE96: =IF(L96>=4,2,IF(L96>=2,1,0)) | AF96: =IF(L96>=5,1,0) | AG96: =AE96+AF96 | AH96: =IF(M96<>1,"",IF(OR(R96=-9,R96=""),"",R96)) | AI96: =IF(M96<>1,"",IF(OR(Q96=999,Q96=""),"",Q96))
A97: TQRMNOP100484 | B97: 2025 | C97: 1 | D97: 1 | E97: S | F97: 33 | G97: 1411 | H97: 2 | I97: 1 | J97: 28 | K97: 2 | L97: 3 | M97: 1 | N97: 3 | O97: 2 | P97: 2 | Q97: 31 | R97: -9 | S97: 0 | T97: 0 | U97: 165800 | V97: =IFERROR(VLOOKUP(D97,Tablas_Equivalencia!$A$3:$B$8,2,FALSE),"Sin dato") | W97: =IFERROR(VLOOKUP(L97,Tablas_Equivalencia!$D$3:$E$9,2,FALSE),"Sin dato") | X97: =IF(I97=1,"Varón","Mujer") | Y97: =IFERROR(VLOOKUP(M97,Tablas_Equivalencia!$G$3:$H$6,2,FALSE),"Sin dato") | Z97: =IF(J97<=24,"18-24","25-29") | AA97: =IF(M97<>1,"",IF(P97=2,1,0)) | AB97: =IF(M97<>1,"",IF(O97>=2,1,0)) | AC97: =IF(M97<>1,"",IF(OR(Q97=999,Q97=""),"",IF(OR(Q97<35,Q97>48),1,0))) | AD97: =IF(COUNT(AA97:AC97)<3,"",SUM(AA97:AC97)) | AE97: =IF(L97>=4,2,IF(L97>=2,1,0)) | AF97: =IF(L97>=5,1,0) | AG97: =AE97+AF97 | AH97: =IF(M97<>1,"",IF(OR(R97=-9,R97=""),"",R97)) | AI97: =IF(M97<>1,"",IF(OR(Q97=999,Q97=""),"",Q97))
A98: TQRMNOP100485 | B98: 2025 | C98: 1 | D98: 44 | E98: N | F98: 93 | G98: 1273 | H98: 2 | I98: 1 | J98: 26 | K98: 2 | L98: 4 | M98: 1 | N98: 3 | O98: 2 | P98: 1 | Q98: 26 | R98: -9 | S98: 0 | T98: 0 | U98: 175200 | V98: =IFERROR(VLOOKUP(D98,Tablas_Equivalencia!$A$3:$B$8,2,FALSE),"Sin dato") | W98: =IFERROR(VLOOKUP(L98,Tablas_Equivalencia!$D$3:$E$9,2,FALSE),"Sin dato") | X98: =IF(I98=1,"Varón","Mujer") | Y98: =IFERROR(VLOOKUP(M98,Tablas_Equivalencia!$G$3:$H$6,2,FALSE),"Sin dato") | Z98: =IF(J98<=24,"18-24","25-29") | AA98: =IF(M98<>1,"",IF(P98=2,1,0)) | AB98: =IF(M98<>1,"",IF(O98>=2,1,0)) | AC98: =IF(M98<>1,"",IF(OR(Q98=999,Q98=""),"",IF(OR(Q98<35,Q98>48),1,0))) | AD98: =IF(COUNT(AA98:AC98)<3,"",SUM(AA98:AC98)) | AE98: =IF(L98>=4,2,IF(L98>=2,1,0)) | AF98: =IF(L98>=5,1,0) | AG98: =AE98+AF98 | AH98: =IF(M98<>1,"",IF(OR(R98=-9,R98=""),"",R98)) | AI98: =IF(M98<>1,"",IF(OR(Q98=999,Q98=""),"",Q98))
A99: TQRMNOP100491 | B99: 2025 | C99: 1 | D99: 41 | E99: S | F99: 8 | G99: 835 | H99: 10 | I99: 2 | J99: 27 | K99: 1 | L99: 4 | M99: 3 | R99: 0 | S99: 0 | T99: 0 | U99: 83200 | V99: =IFERROR(VLOOKUP(D99,Tablas_Equivalencia!$A$3:$B$8,2,FALSE),"Sin dato") | W99: =IFERROR(VLOOKUP(L99,Tablas_Equivalencia!$D$3:$E$9,2,FALSE),"Sin dato") | X99: =IF(I99=1,"Varón","Mujer") | Y99: =IFERROR(VLOOKUP(M99,Tablas_Equivalencia!$G$3:$H$6,2,FALSE),"Sin dato") | Z99: =IF(J99<=24,"18-24","25-29") | AA99: =IF(M99<>1,"",IF(P99=2,1,0)) | AB99: =IF(M99<>1,"",IF(O99>=2,1,0)) | AC99: =IF(M99<>1,"",IF(OR(Q99=999,Q99=""),"",IF(OR(Q99<35,Q99>48),1,0))) | AD99: =IF(COUNT(AA99:AC99)<3,"",SUM(AA99:AC99)) | AE99: =IF(L99>=4,2,IF(L99>=2,1,0)) | AF99: =IF(L99>=5,1,0) | AG99: =AE99+AF99 | AH99: =IF(M99<>1,"",IF(OR(R99=-9,R99=""),"",R99)) | AI99: =IF(M99<>1,"",IF(OR(Q99=999,Q99=""),"",Q99))
A100: TQRMNOP100500 | B100: 2025 | C100: 1 | D100: 43 | E100: N | F100: 29 | G100: 1725 | H100: 10 | I100: 1 | J100: 23 | K100: 2 | L100: 3 | M100: 2 | R100: 0 | S100: 0 | T100: 0 | U100: 171800 | V100: =IFERROR(VLOOKUP(D100,Tablas_Equivalencia!$A$3:$B$8,2,FALSE),"Sin dato") | W100: =IFERROR(VLOOKUP(L100,Tablas_Equivalencia!$D$3:$E$9,2,FALSE),"Sin dato") | X100: =IF(I100=1,"Varón","Mujer") | Y100: =IFERROR(VLOOKUP(M100,Tablas_Equivalencia!$G$3:$H$6,2,FALSE),"Sin dato") | Z100: =IF(J100<=24,"18-24","25-29") | AA100: =IF(M100<>1,"",IF(P100=2,1,0)) | AB100: =IF(M100<>1,"",IF(O100>=2,1,0)) | AC100: =IF(M100<>1,"",IF(OR(Q100=999,Q100=""),"",IF(OR(Q100<35,Q100>48),1,0))) | AD100: =IF(COUNT(AA100:AC100)<3,"",SUM(AA100:AC100)) | AE100: =IF(L100>=4,2,IF(L100>=2,1,0)) | AF100: =IF(L100>=5,1,0) | AG100: =AE100+AF100 | AH100: =IF(M100<>1,"",IF(OR(R100=-9,R100=""),"",R100)) | AI100: =IF(M100<>1,"",IF(OR(Q100=999,Q100=""),"",Q100))
...

Sheet Diagnostico_Nulos
A1: Diagnóstico de valores faltantes y códigos especiales
A2: Tarea 1.3 — conteo de celdas vacías y códigos -9 / 999 sobre el segmento 18-29 años.
A3: Variable | B3: Celdas vacías (no corresponde) | C3: Código especial | D3: Registros con código especial | E3: Válidos para análisis | F3: % válidos sobre jóvenes
A4: P21 | B4: 0 | C4: -9 | D4: 304 | E4: 5629 | F4: 94.9
A5: TOT_P12 | B5: 0 | C5: -9 | D5: 0 | E5: 5933 | F5: 100
A6: PP3E_TOT | B6: 2412 | C6: 999 | D6: 55 | E6: 3466 | F6: 58.4
A7: PP07H | B7: 2412 | C7: — | D7: 0 | E7: 3521 | F7: 59.3
A8: PP07C | B8: 2412 | C8: — | D8: 0 | E8: 3521 | F8: 59.3
A10: Verificación con fórmulas vivas (deben coincidir con la tabla):
A11: Registros totales de la base original | B11: 32000
A12: Jóvenes 18-29 años (CONTARA) | B12: =COUNTA('Jóvenes_18_29'!$A$2:$A$5934)
A13: Jóvenes con CH06 entre 18 y 29 (CONTAR.SI.CONJUNTO) | B13: =COUNTIFS('Jóvenes_18_29'!$J$2:$J$5934,">=18",'Jóvenes_18_29'!$J$2:$J$5934,"<=29")
A14: Ocupados (ESTADO = 1) | B14: =COUNTIF('Jóvenes_18_29'!$M$2:$M$5934,1)
A15: Desocupados (ESTADO = 2) | B15: =COUNTIF('Jóvenes_18_29'!$M$2:$M$5934,2)
A16: Inactivos (ESTADO = 3) | B16: =COUNTIF('Jóvenes_18_29'!$M$2:$M$5934,3)
A17: P21 con código -9 (no respuesta) | B17: =COUNTIF('Jóvenes_18_29'!$R$2:$R$5934,-9)
A18: PP3E_TOT con código 999 (Ns./Nr.) | B18: =COUNTIF('Jóvenes_18_29'!$Q$2:$Q$5934,999)
A19: P21 igual a 0 (sin ingreso por ocupación) | B19: =COUNTIF('Jóvenes_18_29'!$R$2:$R$5934,0)
A21: Tablas de frecuencia de validación (Tareas 2.1 y 2.2)
A22: Valor del índice | B22: Frecuencia IPL | C22: Frecuencia ISE | D22: % IPL sobre ocupados | E22: % ISE sobre jóvenes
A23: 0 | B23: =COUNTIF('Jóvenes_18_29'!$AD$2:$AD$5934,0) | C23: =COUNTIF('Jóvenes_18_29'!$AG$2:$AG$5934,0) | D23: =IFERROR(B23/SUM($B$23:$B$26),0) | E23: =IFERROR(C23/SUM($C$23:$C$26),0)
A24: 1 | B24: =COUNTIF('Jóvenes_18_29'!$AD$2:$AD$5934,1) | C24: =COUNTIF('Jóvenes_18_29'!$AG$2:$AG$5934,1) | D24: =IFERROR(B24/SUM($B$23:$B$26),0) | E24: =IFERROR(C24/SUM($C$23:$C$26),0)
A25: 2 | B25: =COUNTIF('Jóvenes_18_29'!$AD$2:$AD$5934,2) | C25: =COUNTIF('Jóvenes_18_29'!$AG$2:$AG$5934,2) | D25: =IFERROR(B25/SUM($B$23:$B$26),0) | E25: =IFERROR(C25/SUM($C$23:$C$26),0)
A26: 3 | B26: =COUNTIF('Jóvenes_18_29'!$AD$2:$AD$5934,3) | C26: =COUNTIF('Jóvenes_18_29'!$AG$2:$AG$5934,3) | D26: =IFERROR(B26/SUM($B$23:$B$26),0) | E26: =IFERROR(C26/SUM($C$23:$C$26),0)
A27: TOTAL | B27: =SUM(B23:B26) | C27: =SUM(C23:C26)
A28: El total de ISE debe igualar la cantidad de jóvenes; el total de IPL, la cantidad de ocupados con jornada informada (los demás quedan en blanco por diseño).

Sheet Correlacion
A1: Matriz de correlación de Pearson (5 × 5)
A2: Fórmula COEF.DE.CORREL sobre la hoja de trabajo. Los pares con celdas vacías se excluyen automáticamente: el análisis de ingresos y precariedad queda restringido a ocupados.
B3: Edad (CH06) | C3: Ingreso ocup. principal (P21) | D3: Horas semanales (PP3E_TOT) | E3: Precariedad laboral (IPL) | F3: Nivel socio-educativo (ISE)
A4: Edad (CH06) | B4: =CORREL('Jóvenes_18_29'!$J$2:$J$5934,'Jóvenes_18_29'!$J$2:$J$5934) | C4: =CORREL('Jóvenes_18_29'!$J$2:$J$5934,'Jóvenes_18_29'!$AH$2:$AH$5934) | D4: =CORREL('Jóvenes_18_29'!$J$2:$J$5934,'Jóvenes_18_29'!$AI$2:$AI$5934) | E4: =CORREL('Jóvenes_18_29'!$J$2:$J$5934,'Jóvenes_18_29'!$AD$2:$AD$5934) | F4: =CORREL('Jóvenes_18_29'!$J$2:$J$5934,'Jóvenes_18_29'!$AG$2:$AG$5934)
A5: Ingreso ocup. principal (P21) | B5: =CORREL('Jóvenes_18_29'!$AH$2:$AH$5934,'Jóvenes_18_29'!$J$2:$J$5934) | C5: =CORREL('Jóvenes_18_29'!$AH$2:$AH$5934,'Jóvenes_18_29'!$AH$2:$AH$5934) | D5: =CORREL('Jóvenes_18_29'!$AH$2:$AH$5934,'Jóvenes_18_29'!$AI$2:$AI$5934) | E5: =CORREL('Jóvenes_18_29'!$AH$2:$AH$5934,'Jóvenes_18_29'!$AD$2:$AD$5934) | F5: =CORREL('Jóvenes_18_29'!$AH$2:$AH$5934,'Jóvenes_18_29'!$AG$2:$AG$5934)
A6: Horas semanales (PP3E_TOT) | B6: =CORREL('Jóvenes_18_29'!$AI$2:$AI$5934,'Jóvenes_18_29'!$J$2:$J$5934) | C6: =CORREL('Jóvenes_18_29'!$AI$2:$AI$5934,'Jóvenes_18_29'!$AH$2:$AH$5934) | D6: =CORREL('Jóvenes_18_29'!$AI$2:$AI$5934,'Jóvenes_18_29'!$AI$2:$AI$5934) | E6: =CORREL('Jóvenes_18_29'!$AI$2:$AI$5934,'Jóvenes_18_29'!$AD$2:$AD$5934) | F6: =CORREL('Jóvenes_18_29'!$AI$2:$AI$5934,'Jóvenes_18_29'!$AG$2:$AG$5934)
A7: Precariedad laboral (IPL) | B7: =CORREL('Jóvenes_18_29'!$AD$2:$AD$5934,'Jóvenes_18_29'!$J$2:$J$5934) | C7: =CORREL('Jóvenes_18_29'!$AD$2:$AD$5934,'Jóvenes_18_29'!$AH$2:$AH$5934) | D7: =CORREL('Jóvenes_18_29'!$AD$2:$AD$5934,'Jóvenes_18_29'!$AI$2:$AI$5934) | E7: =CORREL('Jóvenes_18_29'!$AD$2:$AD$5934,'Jóvenes_18_29'!$AD$2:$AD$5934) | F7: =CORREL('Jóvenes_18_29'!$AD$2:$AD$5934,'Jóvenes_18_29'!$AG$2:$AG$5934)
A8: Nivel socio-educativo (ISE) | B8: =CORREL('Jóvenes_18_29'!$AG$2:$AG$5934,'Jóvenes_18_29'!$J$2:$J$5934) | C8: =CORREL('Jóvenes_18_29'!$AG$2:$AG$5934,'Jóvenes_18_29'!$AH$2:$AH$5934) | D8: =CORREL('Jóvenes_18_29'!$AG$2:$AG$5934,'Jóvenes_18_29'!$AI$2:$AI$5934) | E8: =CORREL('Jóvenes_18_29'!$AG$2:$AG$5934,'Jóvenes_18_29'!$AD$2:$AD$5934) | F8: =CORREL('Jóvenes_18_29'!$AG$2:$AG$5934,'Jóvenes_18_29'!$AG$2:$AG$5934)
A10: Lectura de los coeficientes significativos (|r| ≥ 0,3)
A11: • ISE ↔ IPL = -0.365: a mayor nivel socio-educativo, menor precariedad laboral. Es la relación más fuerte de la matriz y sostiene la hipótesis central del proyecto.
A12: • ISE ↔ P21 = +0.386: las credenciales educativas se traducen en ingresos ocupacionales más altos.
A13: • IPL ↔ P21 = -0.446: la precariedad opera como penalidad salarial: cada punto de IPL se asocia a menores ingresos.
A14: • Horas ↔ P21 = +0.368: la intensidad horaria explica parte del ingreso, pero menos que las credenciales.
A15: • Edad ↔ P21 = +0.112: dentro de una franja tan estrecha (18-29) la experiencia aporta poco; lo determinante es la calidad del puesto.

Sheet TD_Genero
A1: IPL promedio por sexo y región (tabla dinámica equivalente)
A2: Construida con PROMEDIO.SI.CONJUNTO para que los valores se recalculen solos. En Excel podés reproducirla con Insertar → Tabla dinámica (CH04 en Filas, REGION_TEXTO en Columnas, IPL en Valores como Promedio) y agregarle segmentadores.
A3: Sexo | B3: Gran Buenos Aires | C3: Pampeana | D3: Cuyo | E3: Noroeste (NOA) | F3: Noreste (NEA) | G3: Patagonia | H3: Total país
A4: Varón | B4: =IFERROR(AVERAGEIFS('Jóvenes_18_29'!$AD$2:$AD$5934,'Jóvenes_18_29'!$X$2:$X$5934,$A4,'Jóvenes_18_29'!$V$2:$V$5934,B$3),"s/d") | C4: =IFERROR(AVERAGEIFS('Jóvenes_18_29'!$AD$2:$AD$5934,'Jóvenes_18_29'!$X$2:$X$5934,$A4,'Jóvenes_18_29'!$V$2:$V$5934,C$3),"s/d") | D4: =IFERROR(AVERAGEIFS('Jóvenes_18_29'!$AD$2:$AD$5934,'Jóvenes_18_29'!$X$2:$X$5934,$A4,'Jóvenes_18_29'!$V$2:$V$5934,D$3),"s/d") | E4: =IFERROR(AVERAGEIFS('Jóvenes_18_29'!$AD$2:$AD$5934,'Jóvenes_18_29'!$X$2:$X$5934,$A4,'Jóvenes_18_29'!$V$2:$V$5934,E$3),"s/d") | F4: =IFERROR(AVERAGEIFS('Jóvenes_18_29'!$AD$2:$AD$5934,'Jóvenes_18_29'!$X$2:$X$5934,$A4,'Jóvenes_18_29'!$V$2:$V$5934,F$3),"s/d") | G4: =IFERROR(AVERAGEIFS('Jóvenes_18_29'!$AD$2:$AD$5934,'Jóvenes_18_29'!$X$2:$X$5934,$A4,'Jóvenes_18_29'!$V$2:$V$5934,G$3),"s/d") | H4: =AVERAGEIF('Jóvenes_18_29'!$X$2:$X$5934,$A4,'Jóvenes_18_29'!$AD$2:$AD$5934)
A5: Mujer | B5: =IFERROR(AVERAGEIFS('Jóvenes_18_29'!$AD$2:$AD$5934,'Jóvenes_18_29'!$X$2:$X$5934,$A5,'Jóvenes_18_29'!$V$2:$V$5934,B$3),"s/d") | C5: =IFERROR(AVERAGEIFS('Jóvenes_18_29'!$AD$2:$AD$5934,'Jóvenes_18_29'!$X$2:$X$5934,$A5,'Jóvenes_18_29'!$V$2:$V$5934,C$3),"s/d") | D5: =IFERROR(AVERAGEIFS('Jóvenes_18_29'!$AD$2:$AD$5934,'Jóvenes_18_29'!$X$2:$X$5934,$A5,'Jóvenes_18_29'!$V$2:$V$5934,D$3),"s/d") | E5: =IFERROR(AVERAGEIFS('Jóvenes_18_29'!$AD$2:$AD$5934,'Jóvenes_18_29'!$X$2:$X$5934,$A5,'Jóvenes_18_29'!$V$2:$V$5934,E$3),"s/d") | F5: =IFERROR(AVERAGEIFS('Jóvenes_18_29'!$AD$2:$AD$5934,'Jóvenes_18_29'!$X$2:$X$5934,$A5,'Jóvenes_18_29'!$V$2:$V$5934,F$3),"s/d") | G5: =IFERROR(AVERAGEIFS('Jóvenes_18_29'!$AD$2:$AD$5934,'Jóvenes_18_29'!$X$2:$X$5934,$A5,'Jóvenes_18_29'!$V$2:$V$5934,G$3),"s/d") | H5: =AVERAGEIF('Jóvenes_18_29'!$X$2:$X$5934,$A5,'Jóvenes_18_29'!$AD$2:$AD$5934)
A6: Brecha (Mujer − Varón) | B6: =IFERROR(B5-B4,"s/d") | C6: =IFERROR(C5-C4,"s/d") | D6: =IFERROR(D5-D4,"s/d") | E6: =IFERROR(E5-E4,"s/d") | F6: =IFERROR(F5-F4,"s/d") | G6: =IFERROR(G5-G4,"s/d") | H6: =IFERROR(H5-H4,"s/d")
A8: Ingreso promedio (P21) por sexo y brecha de ingresos
A9: Sexo | B9: Ingreso promedio | C9: Casos válidos | D9: Horas promedio | E9: % informalidad
A10: Varón | B10: =AVERAGEIF('Jóvenes_18_29'!$X$2:$X$5934,$A10,'Jóvenes_18_29'!$AH$2:$AH$5934) | C10: =COUNTIFS('Jóvenes_18_29'!$X$2:$X$5934,$A10,'Jóvenes_18_29'!$AH$2:$AH$5934,">0") | D10: =AVERAGEIF('Jóvenes_18_29'!$X$2:$X$5934,$A10,'Jóvenes_18_29'!$AI$2:$AI$5934) | E10: =AVERAGEIF('Jóvenes_18_29'!$X$2:$X$5934,$A10,'Jóvenes_18_29'!$AA$2:$AA$5934)
A11: Mujer | B11: =AVERAGEIF('Jóvenes_18_29'!$X$2:$X$5934,$A11,'Jóvenes_18_29'!$AH$2:$AH$5934) | C11: =COUNTIFS('Jóvenes_18_29'!$X$2:$X$5934,$A11,'Jóvenes_18_29'!$AH$2:$AH$5934,">0") | D11: =AVERAGEIF('Jóvenes_18_29'!$X$2:$X$5934,$A11,'Jóvenes_18_29'!$AI$2:$AI$5934) | E11: =AVERAGEIF('Jóvenes_18_29'!$X$2:$X$5934,$A11,'Jóvenes_18_29'!$AA$2:$AA$5934)
A12: Brecha de ingresos (1 − Mujer/Varón) | B12: =IFERROR(1-B11/B10,"s/d")

Sheet Ingreso_Educacion
A1: Ingreso y precariedad según nivel educativo
A2: Tarea 4.1 — PROMEDIO.SI sobre NIVEL_ED. Base: jóvenes ocupados con ingreso informado.
A3: Código | B3: Nivel educativo | C3: Ingreso promedio (P21) | D3: Casos válidos | E3: IPL promedio | F3: % informalidad
A4: 1 | B4: Primaria incompleta | C4: =IFERROR(AVERAGEIF('Jóvenes_18_29'!$L$2:$L$5934,$A4,'Jóvenes_18_29'!$AH$2:$AH$5934),0) | D4: =COUNTIFS('Jóvenes_18_29'!$L$2:$L$5934,$A4,'Jóvenes_18_29'!$AH$2:$AH$5934,">0") | E4: =IFERROR(AVERAGEIF('Jóvenes_18_29'!$L$2:$L$5934,$A4,'Jóvenes_18_29'!$AD$2:$AD$5934),0) | F4: =IFERROR(AVERAGEIF('Jóvenes_18_29'!$L$2:$L$5934,$A4,'Jóvenes_18_29'!$AA$2:$AA$5934),0)
A5: 2 | B5: Primaria completa | C5: =IFERROR(AVERAGEIF('Jóvenes_18_29'!$L$2:$L$5934,$A5,'Jóvenes_18_29'!$AH$2:$AH$5934),0) | D5: =COUNTIFS('Jóvenes_18_29'!$L$2:$L$5934,$A5,'Jóvenes_18_29'!$AH$2:$AH$5934,">0") | E5: =IFERROR(AVERAGEIF('Jóvenes_18_29'!$L$2:$L$5934,$A5,'Jóvenes_18_29'!$AD$2:$AD$5934),0) | F5: =IFERROR(AVERAGEIF('Jóvenes_18_29'!$L$2:$L$5934,$A5,'Jóvenes_18_29'!$AA$2:$AA$5934),0)
A6: 3 | B6: Secundaria incompleta | C6: =IFERROR(AVERAGEIF('Jóvenes_18_29'!$L$2:$L$5934,$A6,'Jóvenes_18_29'!$AH$2:$AH$5934),0) | D6: =COUNTIFS('Jóvenes_18_29'!$L$2:$L$5934,$A6,'Jóvenes_18_29'!$AH$2:$AH$5934,">0") | E6: =IFERROR(AVERAGEIF('Jóvenes_18_29'!$L$2:$L$5934,$A6,'Jóvenes_18_29'!$AD$2:$AD$5934),0) | F6: =IFERROR(AVERAGEIF('Jóvenes_18_29'!$L$2:$L$5934,$A6,'Jóvenes_18_29'!$AA$2:$AA$5934),0)
A7: 4 | B7: Secundaria completa | C7: =IFERROR(AVERAGEIF('Jóvenes_18_29'!$L$2:$L$5934,$A7,'Jóvenes_18_29'!$AH$2:$AH$5934),0) | D7: =COUNTIFS('Jóvenes_18_29'!$L$2:$L$5934,$A7,'Jóvenes_18_29'!$AH$2:$AH$5934,">0") | E7: =IFERROR(AVERAGEIF('Jóvenes_18_29'!$L$2:$L$5934,$A7,'Jóvenes_18_29'!$AD$2:$AD$5934),0) | F7: =IFERROR(AVERAGEIF('Jóvenes_18_29'!$L$2:$L$5934,$A7,'Jóvenes_18_29'!$AA$2:$AA$5934),0)
A8: 5 | B8: Superior incompleto | C8: =IFERROR(AVERAGEIF('Jóvenes_18_29'!$L$2:$L$5934,$A8,'Jóvenes_18_29'!$AH$2:$AH$5934),0) | D8: =COUNTIFS('Jóvenes_18_29'!$L$2:$L$5934,$A8,'Jóvenes_18_29'!$AH$2:$AH$5934,">0") | E8: =IFERROR(AVERAGEIF('Jóvenes_18_29'!$L$2:$L$5934,$A8,'Jóvenes_18_29'!$AD$2:$AD$5934),0) | F8: =IFERROR(AVERAGEIF('Jóvenes_18_29'!$L$2:$L$5934,$A8,'Jóvenes_18_29'!$AA$2:$AA$5934),0)
A9: 6 | B9: Superior completo | C9: =IFERROR(AVERAGEIF('Jóvenes_18_29'!$L$2:$L$5934,$A9,'Jóvenes_18_29'!$AH$2:$AH$5934),0) | D9: =COUNTIFS('Jóvenes_18_29'!$L$2:$L$5934,$A9,'Jóvenes_18_29'!$AH$2:$AH$5934,">0") | E9: =IFERROR(AVERAGEIF('Jóvenes_18_29'!$L$2:$L$5934,$A9,'Jóvenes_18_29'!$AD$2:$AD$5934),0) | F9: =IFERROR(AVERAGEIF('Jóvenes_18_29'!$L$2:$L$5934,$A9,'Jóvenes_18_29'!$AA$2:$AA$5934),0)

Sheet Bitacora
A1: Bitácora de decisiones metodológicas
A2: Toda decisión que altera los resultados queda documentada y es auditable.
A3: # | B3: Decisión | C3: Fundamento | D3: Impacto en los resultados
A4: 1 | B4: Universo: 18 a 29 años cumplidos (CH06) | C4: Definición de juventud usada por los programas de primer empleo; excluye adolescentes escolarizados obligatorios. | D4: Quedan 5,933 de 32,000 registros (18.5% de la muestra).
A5: 2 | B5: No se eliminan los casos con P21 = 0 | C5: Un ingreso cero no es un error: identifica a desocupados e inactivos, población central del diagnóstico. | D5: Se conserva la estructura real del segmento; los promedios de ingreso se calculan solo sobre ocupados.
A6: 3 | B6: P21 = -9 y PP3E_TOT = 999 se tratan como faltantes, no como ceros | C6: Son códigos de no respuesta del INDEC; computarlos como valores hundiría artificialmente los promedios. | D6: Se excluyen 304 ingresos y 55 jornadas.
A7: 4 | B7: Las columnas P21_LIMPIO y HORAS_LIMPIO alimentan la matriz de correlación | C7: COEF.DE.CORREL descarta los pares con texto o vacío: así el coeficiente se calcula sobre casos válidos. | D7: Evita el sesgo de incluir ceros estructurales en las correlaciones de ingreso.
A8: 5 | B8: IPL en blanco para quienes no están ocupados (ESTADO ≠ 1) | C8: PP07H y PP07C solo se relevan a ocupados; asignarles 0 los contaría como empleo de calidad. | D8: El IPL se calcula sobre 3,466 ocupados con jornada informada.
A9: 6 | B9: Umbrales del IPL: sin aportes (PP07H=2), inestabilidad (PP07C≥2), jornada <35 h o >48 h | C9: Replican los criterios de informalidad, temporalidad y sub/sobreocupación usados en la literatura del mercado laboral. | D9: IPL promedio = 1.72; 32.9% de los ocupados acumula las tres carencias.
A10: 7 | B10: ISE: 2 puntos por secundaria completa o más, 1 punto extra por estudios superiores | C10: Discrimina el salto de credenciales que el mercado premia; mantiene una escala comparable con el IPL (0 a 3). | D10: Correlación ISE ↔ IPL = -0.365.
A11: 8 | B11: Se conserva una copia intacta del archivo original | C11: Trazabilidad: cualquier resultado debe poder reproducirse desde el dato crudo. | D11: 01_Datos_Originales/ nunca se modifica; todo el trabajo ocurre en 02_Datos_Procesados/.
A12: 9 | B12: Base de trabajo SIMULADA con la estructura oficial de la EPH | C12: El entorno de ejecución no tiene acceso al portal del INDEC; se generó una base con los mismos nombres y códigos. | D12: Las fórmulas, el dashboard y el informe son válidos; los valores se actualizan al reemplazar el .txt por el oficial.
